id,source_id,set_id,updated_at
onepiece:optcg:EB01-003:ja,EB01-003,P,2026-06-15 17:33:59.660514+00
onepiece:optcg:EB01-006:ja,EB01-006,P,2026-06-15 17:33:59.660514+00
onepiece:optcg:EB01-012:ja,EB01-012,P,2026-06-15 17:33:59.660514+00
onepiece:optcg:EB01-014:ja,EB01-014,P,2026-06-15 17:33:59.660514+00
onepiece:optcg:EB01-015:ja,EB01-015,P,2026-06-15 17:15:49.502597+00
onepiece:optcg:EB01-043:ja,EB01-043,P,2026-06-15 17:33:59.660514+00
onepiece:optcg:EB01-048:ja,EB01-048,P,2026-06-15 17:33:59.660514+00
onepiece:optcg:EB02-006:ja,EB02-006,P,2026-06-15 17:34:00.109793+00
onepiece:optcg:EB02-010:ja,EB02-010,P,2026-06-15 17:34:00.109793+00
onepiece:optcg:EB02-019:ja,EB02-019,P,2026-06-15 17:34:00.109793+00
onepiece:optcg:EB02-026:ja,EB02-026,P,2026-06-15 17:34:00.109793+00
onepiece:optcg:EB02-055:ja,EB02-055,P,2026-06-15 17:34:00.109793+00
onepiece:optcg:OP01-015:ja,OP01-015,P,2026-06-14 11:16:53.153593+00
onepiece:optcg:OP01-021:ja,OP01-021,P,2026-06-14 11:16:53.153593+00
onepiece:optcg:OP01-033:ja,OP01-033,P,2026-06-14 11:16:53.153593+00
onepiece:optcg:OP01-035:ja,OP01-035,P,2026-06-14 11:16:53.153593+00
onepiece:optcg:OP01-041:ja,OP01-041,P,2026-06-14 11:16:53.153593+00
onepiece:optcg:OP01-052:ja,OP01-052,P,2026-06-14 11:16:53.153593+00
onepiece:optcg:OP01-070:ja,OP01-070,P,2026-06-14 11:16:53.153593+00
onepiece:optcg:OP01-101:ja,OP01-101,P,2026-06-14 11:16:53.367002+00
onepiece:optcg:OP02-022:ja,OP02-022,P,2026-06-14 11:16:54.350259+00
onepiece:optcg:OP02-034:ja,OP02-034,P,2026-06-14 11:16:54.350259+00
onepiece:optcg:OP02-035:ja,OP02-035,P,2026-06-14 11:16:54.350259+00
onepiece:optcg:OP02-063:ja,OP02-063,P,2026-06-14 11:16:54.350259+00
onepiece:optcg:OP02-098:ja,OP02-098,P,2026-06-14 11:16:54.350259+00
onepiece:optcg:OP02-106:ja,OP02-106,P,2026-06-14 11:16:54.499288+00
onepiece:optcg:OP03-033:ja,OP03-033,P,2026-06-14 11:16:55.485259+00
onepiece:optcg:OP03-044:ja,OP03-044,P,2026-06-14 11:16:55.485259+00
onepiece:optcg:OP03-088:ja,OP03-088,P,2026-06-14 11:16:55.485259+00
onepiece:optcg:OP03-089:ja,OP03-089,P,2026-06-14 11:16:55.485259+00
onepiece:optcg:OP03-102:ja,OP03-102,P,2026-06-14 11:16:55.635454+00
onepiece:optcg:OP03-112:ja,OP03-112,P,2026-06-14 11:16:55.635454+00
onepiece:optcg:OP03-114:ja,OP03-114,P,2026-06-14 11:16:55.635454+00
onepiece:optcg:OP03-116:ja,OP03-116,P,2026-06-14 11:16:55.635454+00
onepiece:optcg:OP03-123:ja,OP03-123,P,2026-06-14 11:16:55.635454+00
onepiece:optcg:OP04-010:ja,OP04-010,P,2026-06-14 11:16:56.517584+00
onepiece:optcg:OP04-083:ja,OP04-083,P,2026-06-14 11:16:56.517584+00
onepiece:optcg:OP04-092:ja,OP04-092,P,2026-06-14 11:16:56.517584+00
onepiece:optcg:OP05-006:ja,OP05-006,P,2026-06-14 11:16:57.516104+00
onepiece:optcg:OP05-036:ja,OP05-036,P,2026-06-14 11:16:57.516104+00
onepiece:optcg:OP05-037:ja,OP05-037,P,2026-06-14 11:16:57.516104+00
onepiece:optcg:OP05-060:ja,OP05-060,P,2026-06-14 11:16:57.516104+00
onepiece:optcg:OP05-067:ja,OP05-067,P,2026-06-14 11:16:57.516104+00
onepiece:optcg:OP05-076:ja,OP05-076,P,2026-06-14 11:16:57.516104+00
onepiece:optcg:OP05-086:ja,OP05-086,P,2026-06-14 11:16:57.516104+00
onepiece:optcg:OP05-091:ja,OP05-091,P,2026-06-14 11:16:57.516104+00
onepiece:optcg:OP05-106:ja,OP05-106,P,2026-06-14 11:16:57.663591+00
onepiece:optcg:OP06-047:ja,OP06-047,P,2026-06-14 11:16:58.52203+00
onepiece:optcg:OP06-051:ja,OP06-051,P,2026-06-14 11:16:58.52203+00
onepiece:optcg:OP06-063:ja,OP06-063,P,2026-06-14 11:16:58.52203+00
onepiece:optcg:OP06-069:ja,OP06-069,P,2026-06-14 11:16:58.52203+00
onepiece:optcg:OP06-076:ja,OP06-076,P,2026-06-14 11:16:58.52203+00
onepiece:optcg:OP06-093:ja,OP06-093,P,2026-06-14 11:16:58.52203+00
onepiece:optcg:OP06-101:ja,OP06-101,P,2026-06-14 11:16:58.677733+00
onepiece:optcg:OP06-110:ja,OP06-110,P,2026-06-14 11:16:58.677733+00
onepiece:optcg:OP07-021:ja,OP07-021,P,2026-06-14 11:16:59.527749+00
onepiece:optcg:OP07-040:ja,OP07-040,P,2026-06-14 11:16:59.527749+00
onepiece:optcg:OP07-047:ja,OP07-047,P,2026-06-14 11:16:59.527749+00
onepiece:optcg:OP07-053:ja,OP07-053,P,2026-06-14 11:16:59.527749+00
onepiece:optcg:OP07-066:ja,OP07-066,P,2026-06-14 11:16:59.527749+00
onepiece:optcg:OP07-073:ja,OP07-073,P,2026-06-14 11:16:59.527749+00
onepiece:optcg:OP07-080:ja,OP07-080,P,2026-06-14 11:16:59.527749+00
onepiece:optcg:OP07-091:ja,OP07-091,P,2026-06-14 11:16:59.527749+00
onepiece:optcg:OP07-100:ja,OP07-100,P,2026-06-14 11:16:59.527749+00
onepiece:optcg:OP07-109:ja,OP07-109,P,2026-06-14 11:16:59.679368+00
onepiece:optcg:OP07-113:ja,OP07-113,P,2026-06-14 11:16:59.679368+00
onepiece:optcg:OP07-119:ja,OP07-119,P,2026-06-14 11:16:59.679368+00
onepiece:optcg:OP08-062:ja,OP08-062,P,2026-06-14 11:17:00.528769+00
onepiece:optcg:OP08-067:ja,OP08-067,P,2026-06-14 11:17:00.528769+00
onepiece:optcg:OP08-084:ja,OP08-084,P,2026-06-14 11:17:00.528769+00
onepiece:optcg:OP08-110:ja,OP08-110,P,2026-06-14 11:17:00.679985+00
onepiece:optcg:OP09-002:ja,OP09-002,P,2026-06-14 11:17:01.534819+00
onepiece:optcg:OP09-004:ja,OP09-004,P,2026-06-14 11:17:01.534819+00
onepiece:optcg:OP09-009:ja,OP09-009,P,2026-06-14 11:17:01.534819+00
onepiece:optcg:OP09-011:ja,OP09-011,P,2026-06-14 11:17:01.534819+00
onepiece:optcg:OP09-013:ja,OP09-013,P,2026-06-14 11:17:01.534819+00
onepiece:optcg:OP09-027:ja,OP09-027,P,2026-06-14 11:17:01.534819+00
onepiece:optcg:OP09-034:ja,OP09-034,P,2026-06-14 11:17:01.534819+00
onepiece:optcg:OP09-043:ja,OP09-043,P,2026-06-14 11:17:01.534819+00
onepiece:optcg:OP09-050:ja,OP09-050,P,2026-06-14 11:17:01.534819+00
onepiece:optcg:OP09-065:ja,OP09-065,P,2026-06-14 11:17:01.534819+00
onepiece:optcg:OP09-069:ja,OP09-069,P,2026-06-14 11:17:01.534819+00
onepiece:optcg:OP09-076:ja,OP09-076,P,2026-06-14 11:17:01.534819+00
onepiece:optcg:OP09-089:ja,OP09-089,P,2026-06-14 11:17:01.534819+00
onepiece:optcg:OP09-106:ja,OP09-106,P,2026-06-14 11:17:01.685215+00
onepiece:optcg:OP09-108:ja,OP09-108,P,2026-06-14 11:17:01.685215+00
onepiece:optcg:OP10-005:ja,OP10-005,P,2026-06-14 11:17:02.529636+00
onepiece:optcg:OP10-033:ja,OP10-033,P,2026-06-14 11:17:02.529636+00
onepiece:optcg:OP10-092:ja,OP10-092,P,2026-06-14 11:17:02.529636+00
onepiece:optcg:OP10-107:ja,OP10-107,P,2026-06-14 11:17:02.681378+00
onepiece:optcg:OP11-004:ja,OP11-004,P,2026-06-14 11:17:03.53003+00
onepiece:optcg:OP11-010:ja,OP11-010,P,2026-06-14 11:17:03.53003+00
onepiece:optcg:OP11-119:ja,OP11-119,P,2026-06-14 11:17:03.683433+00
onepiece:optcg:OP12-015:ja,OP12-015,P,2026-06-14 11:17:04.532532+00
onepiece:optcg:OP12-020:ja,OP12-020,P,2026-06-14 11:17:04.532532+00
onepiece:optcg:OP12-028:ja,OP12-028,P,2026-06-14 11:17:04.532532+00
onepiece:optcg:OP12-031:ja,OP12-031,P,2026-06-14 11:17:04.532532+00
onepiece:optcg:OP12-062:ja,OP12-062,P,2026-06-14 11:17:04.532532+00
onepiece:optcg:OP12-093:ja,OP12-093,P,2026-06-14 11:17:04.532532+00
onepiece:optcg:OP12-112:ja,OP12-112,P,2026-06-14 11:17:04.687296+00
onepiece:optcg:OP14-033:ja,OP14-033,P,2026-06-14 11:17:06.534702+00
onepiece:optcg:P-001:ja,P-001,P,2026-06-15 22:12:14.526155+00
onepiece:optcg:P-001:en,P-001,P,2026-05-29 14:57:08.109+00
onepiece:optcg:P-002:ja,P-002,P,2026-06-15 22:12:14.526155+00
onepiece:optcg:P-002:en,P-002,P,2026-05-29 14:57:08.108+00
onepiece:optcg:P-003:en,P-003,P,2026-05-29 14:57:08.109+00
onepiece:optcg:P-003:ja,P-003,P,2026-06-15 22:12:14.526155+00
onepiece:optcg:P-004:en,P-004,P,2026-05-29 14:57:08.109+00
onepiece:optcg:P-004:ja,P-004,P,2026-06-15 22:12:14.526155+00
onepiece:optcg:P-005:en,P-005,P,2026-05-29 14:57:08.109+00
onepiece:optcg:P-005:ja,P-005,P,2026-06-15 22:12:14.526155+00
onepiece:optcg:P-006:en,P-006,P,2026-05-29 14:57:08.109+00
onepiece:optcg:P-006:ja,P-006,P,2026-06-15 22:12:14.526155+00
onepiece:optcg:P-007:en,P-007,P,2026-05-29 14:57:08.109+00
onepiece:optcg:P-007:ja,P-007,P,2026-06-15 22:12:14.526155+00
onepiece:optcg:P-008:ja,P-008,P,2026-06-15 22:12:14.526155+00
onepiece:optcg:P-008:en,P-008,P,2026-05-29 14:57:08.109+00
onepiece:optcg:P-009:ja,P-009,P,2026-06-15 22:12:14.526155+00
onepiece:optcg:P-009:en,P-009,P,2026-05-29 14:57:08.109+00
onepiece:optcg:P-010:ja,P-010,P,2026-06-15 22:12:14.526155+00
onepiece:optcg:P-010:en,P-010,P,2026-05-29 14:57:08.109+00
onepiece:optcg:P-011:ja,P-011,P,2026-06-15 22:12:14.526155+00
onepiece:optcg:P-011:en,P-011,P,2026-05-29 14:57:08.108+00
onepiece:optcg:P-012:en,P-012,P,2026-05-29 14:57:08.109+00
onepiece:optcg:P-012:ja,P-012,P,2026-06-15 22:12:14.526155+00
onepiece:optcg:P-013:en,P-013,P,2026-05-29 14:57:08.109+00
onepiece:optcg:P-013:ja,P-013,P,2026-06-15 22:12:14.526155+00
onepiece:optcg:P-014:en,P-014,P,2026-05-29 14:57:08.108+00
onepiece:optcg:P-014:ja,P-014,P,2026-06-15 22:12:10.936817+00
onepiece:optcg:P-015:en,P-015,P,2026-05-29 14:57:08.109+00
onepiece:optcg:P-015:ja,P-015,P,2026-06-15 22:12:14.526155+00
onepiece:optcg:P-016:en,P-016,P,2026-05-29 14:57:08.109+00
onepiece:optcg:P-016:ja,P-016,P,2026-06-15 22:12:14.526155+00
onepiece:optcg:P-017:en,P-017,P,2026-05-29 14:57:08.109+00
onepiece:optcg:P-017:ja,P-017,P,2026-06-15 22:12:14.526155+00
onepiece:optcg:P-018:ja,P-018,P,2026-06-15 22:12:14.526155+00
onepiece:optcg:P-018:en,P-018,P,2026-05-29 14:57:08.109+00
onepiece:optcg:P-019:en,P-019,P,2026-05-29 14:57:08.109+00
onepiece:optcg:P-019:ja,P-019,P,2026-06-15 22:12:14.526155+00
onepiece:optcg:P-020:en,P-020,P,2026-05-29 14:57:08.109+00
onepiece:optcg:P-020:ja,P-020,P,2026-06-15 22:12:14.526155+00
onepiece:optcg:P-021:ja,P-021,P,2026-06-15 22:12:14.526155+00
onepiece:optcg:P-021:en,P-021,P,2026-05-29 14:57:08.109+00
onepiece:optcg:P-022:en,P-022,P,2026-05-29 14:57:08.109+00
onepiece:optcg:P-022:ja,P-022,P,2026-06-15 22:12:14.526155+00
onepiece:optcg:P-023:ja,P-023,P,2026-06-15 22:12:14.526155+00
onepiece:optcg:P-023:en,P-023,P,2026-05-29 14:57:08.109+00
onepiece:optcg:P-024:en,P-024,P,2026-05-29 14:57:08.108+00
onepiece:optcg:P-024:ja,P-024,P,2026-06-15 22:12:14.526155+00
onepiece:optcg:P-025:ja,P-025,P,2026-06-15 22:12:14.526155+00
onepiece:optcg:P-025:en,P-025,P,2026-05-29 14:57:08.108+00
onepiece:optcg:P-026:ja,P-026,P,2026-06-15 22:12:14.526155+00
onepiece:optcg:P-026:en,P-026,P,2026-05-29 14:57:08.108+00
onepiece:optcg:P-027:ja,P-027,P,2026-06-15 22:12:14.526155+00
onepiece:optcg:P-027:en,P-027,P,2026-05-29 14:57:08.109+00
onepiece:optcg:P-028:ja,P-028,P,2026-06-15 22:12:14.526155+00
onepiece:optcg:P-028:en,P-028,P,2026-05-29 14:57:08.109+00
onepiece:optcg:P-029:ja,P-029,P,2026-06-15 17:15:57.479419+00
onepiece:optcg:P-030:ja,P-030,P,2026-06-15 17:15:56.420159+00
onepiece:optcg:P-031:ja,P-031,P,2026-06-15 22:12:14.526155+00
onepiece:optcg:P-031:en,P-031,P,2026-05-29 14:57:08.109+00
onepiece:optcg:P-032:en,P-032,P,2026-05-29 14:57:08.108+00
onepiece:optcg:P-032:ja,P-032,P,2026-06-15 22:12:14.526155+00
onepiece:optcg:P-033:ja,P-033,P,2026-06-15 22:12:14.526155+00
onepiece:optcg:P-033:en,P-033,P,2026-05-29 14:57:08.109+00
onepiece:optcg:P-034:en,P-034,P,2026-05-29 14:57:08.109+00
onepiece:optcg:P-034:ja,P-034,P,2026-06-15 22:12:14.526155+00
onepiece:optcg:P-035:ja,P-035,P,2026-06-15 22:12:14.526155+00
onepiece:optcg:P-035:en,P-035,P,2026-05-29 14:57:08.108+00
onepiece:optcg:P-036:en,P-036,P,2026-05-29 14:57:08.109+00
onepiece:optcg:P-036:ja,P-036,P,2026-06-15 22:12:14.526155+00
onepiece:optcg:P-037:en,P-037,P,2026-05-29 14:57:08.109+00
onepiece:optcg:P-037:ja,P-037,P,2026-06-15 22:12:14.526155+00
onepiece:optcg:P-038:en,P-038,P,2026-05-29 14:57:08.108+00
onepiece:optcg:P-039:ja,P-039,P,2026-06-15 22:12:14.526155+00
onepiece:optcg:P-039:en,P-039,P,2026-05-29 14:57:08.109+00
onepiece:optcg:P-041:ja,P-041,P,2026-06-15 17:15:55.525524+00
onepiece:optcg:P-042:en,P-042,P,2026-05-29 14:57:08.109+00
onepiece:optcg:P-042:ja,P-042,P,2026-06-15 22:12:14.526155+00
onepiece:optcg:P-043:en,P-043,P,2026-05-29 14:57:08.109+00
onepiece:optcg:P-043:ja,P-043,P,2026-06-15 22:12:14.526155+00
onepiece:optcg:P-044:en,P-044,P,2026-05-29 14:57:08.108+00
onepiece:optcg:P-045:ja,P-045,P,2026-06-15 22:12:14.526155+00
onepiece:optcg:P-045:en,P-045,P,2026-05-29 14:57:08.109+00
onepiece:optcg:P-046:ja,P-046,P,2026-06-15 22:12:14.526155+00
onepiece:optcg:P-046:en,P-046,P,2026-05-29 14:57:08.109+00
onepiece:optcg:P-047:ja,P-047,P,2026-06-15 22:12:14.526155+00
onepiece:optcg:P-047:en,P-047,P,2026-05-29 14:57:08.108+00
onepiece:optcg:P-048:en,P-048,P,2026-05-29 14:57:08.109+00
onepiece:optcg:P-048:ja,P-048,P,2026-06-15 22:12:14.526155+00
onepiece:optcg:P-049:ja,P-049,P,2026-06-15 22:12:14.526155+00
onepiece:optcg:P-049:en,P-049,P,2026-05-29 14:57:08.109+00
onepiece:optcg:P-050:ja,P-050,P,2026-06-15 22:12:14.526155+00
onepiece:optcg:P-050:en,P-050,P,2026-05-29 14:57:08.109+00
onepiece:optcg:P-051:ja,P-051,P,2026-06-15 22:12:14.526155+00
onepiece:optcg:P-051:en,P-051,P,2026-05-29 14:57:08.109+00
onepiece:optcg:P-052:en,P-052,P,2026-05-29 14:57:08.109+00
onepiece:optcg:P-052:ja,P-052,P,2026-06-15 22:12:14.526155+00
onepiece:optcg:P-053:en,P-053,P,2026-05-29 14:57:08.108+00
onepiece:optcg:P-053:ja,P-053,P,2026-06-15 22:12:10.936817+00
onepiece:optcg:P-054:ja,P-054,P,2026-06-15 22:12:14.526155+00
onepiece:optcg:P-054:en,P-054,P,2026-05-29 14:57:08.109+00
onepiece:optcg:P-055:en,P-055,P,2026-05-29 14:57:08.108+00
onepiece:optcg:P-055:ja,P-055,P,2026-06-15 22:12:10.936817+00
onepiece:optcg:P-056:en,P-056,P,2026-05-29 14:57:08.109+00
onepiece:optcg:P-056:ja,P-056,P,2026-06-15 22:12:14.526155+00
onepiece:optcg:P-057:ja,P-057,P,2026-06-15 17:15:57.479419+00
onepiece:optcg:P-058:ja,P-058,P,2026-06-15 17:15:57.479419+00
onepiece:optcg:P-059:ja,P-059,P,2026-06-15 17:15:57.479419+00
onepiece:optcg:P-060:ja,P-060,P,2026-06-15 17:15:57.479419+00
onepiece:optcg:P-061:ja,P-061,P,2026-06-15 17:15:57.479419+00
onepiece:optcg:P-062:ja,P-062,P,2026-06-15 22:12:14.526155+00
onepiece:optcg:P-062:en,P-062,P,2026-05-29 14:57:08.109+00
onepiece:optcg:P-063:en,P-063,P,2026-05-29 14:57:08.108+00
onepiece:optcg:P-064:en,P-064,P,2026-05-29 14:57:08.109+00
onepiece:optcg:P-065:ja,P-065,P,2026-06-15 22:12:14.526155+00
onepiece:optcg:P-065:en,P-065,P,2026-05-29 14:57:08.108+00
onepiece:optcg:P-066:en,P-066,P,2026-05-29 14:57:08.109+00
onepiece:optcg:P-067:en,P-067,P,2026-05-29 14:57:08.109+00
onepiece:optcg:P-068:ja,P-068,P,2026-06-15 22:12:12.512018+00
onepiece:optcg:P-068:en,P-068,P,2026-05-29 14:57:08.108+00
onepiece:optcg:P-069:en,P-069,P,2026-05-29 14:57:08.108+00
onepiece:optcg:P-069:ja,P-069,P,2026-06-15 22:12:12.512018+00
onepiece:optcg:P-070:ja,P-070,P,2026-06-15 22:12:12.512018+00
onepiece:optcg:P-070:en,P-070,P,2026-05-29 14:57:08.108+00
onepiece:optcg:P-071:en,P-071,P,2026-05-29 14:57:08.109+00
onepiece:optcg:P-071:ja,P-071,P,2026-06-15 22:12:14.526155+00
onepiece:optcg:P-072:en,P-072,P,2026-05-29 14:57:08.109+00
onepiece:optcg:P-073:en,P-073,P,2026-05-29 14:57:08.108+00
onepiece:optcg:P-074:en,P-074,P,2026-05-29 14:57:08.108+00
onepiece:optcg:P-075:en,P-075,P,2026-05-29 14:57:08.108+00
onepiece:optcg:P-076:ja,P-076,P,2026-06-15 22:12:14.526155+00
onepiece:optcg:P-076:en,P-076,P,2026-05-29 14:57:08.108+00
onepiece:optcg:P-077:en,P-077,P,2026-05-29 14:57:08.109+00
onepiece:optcg:P-077:ja,P-077,P,2026-06-15 22:12:14.526155+00
onepiece:optcg:P-078:en,P-078,P,2026-05-29 14:57:08.108+00
onepiece:optcg:P-078:ja,P-078,P,2026-06-15 22:12:12.512018+00
onepiece:optcg:P-079:en,P-079,P,2026-05-29 14:57:08.108+00
onepiece:optcg:P-079:ja,P-079,P,2026-06-15 22:12:12.512018+00
onepiece:optcg:P-080:en,P-080,P,2026-05-29 14:57:08.109+00
onepiece:optcg:P-081:en,P-081,P,2026-05-29 14:57:08.108+00
onepiece:optcg:P-081:ja,P-081,P,2026-06-15 22:12:12.512018+00
onepiece:optcg:P-082:en,P-082,P,2026-05-29 14:57:08.108+00
onepiece:optcg:P-082:ja,P-082,P,2026-06-15 22:12:12.512018+00
onepiece:optcg:P-083:ja,P-083,P,2026-06-15 22:12:12.512018+00
onepiece:optcg:P-083:en,P-083,P,2026-05-29 14:57:08.108+00
onepiece:optcg:P-084:ja,P-084,P,2026-06-15 17:15:48.424009+00
onepiece:optcg:P-085:ja,P-085,P,2026-06-15 22:12:12.512018+00
onepiece:optcg:P-085:en,P-085,P,2026-05-29 14:57:08.108+00
onepiece:optcg:P-086:en,P-086,P,2026-05-29 14:57:08.108+00
onepiece:optcg:P-088:en,P-088,P,2026-05-29 14:57:08.108+00
onepiece:optcg:P-088:ja,P-088,P,2026-06-15 22:12:12.512018+00
onepiece:optcg:P-089:en,P-089,P,2026-05-29 14:57:08.109+00
onepiece:optcg:P-089:ja,P-089,P,2026-06-15 22:12:14.526155+00
onepiece:optcg:P-090:en,P-090,P,2026-05-29 14:57:08.109+00
onepiece:optcg:P-090:ja,P-090,P,2026-06-15 22:12:14.526155+00
onepiece:optcg:P-091:en,P-091,P,2026-05-29 14:57:08.109+00
onepiece:optcg:P-091:ja,P-091,P,2026-06-15 22:12:14.526155+00
onepiece:optcg:P-092:ja,P-092,P,2026-06-15 22:12:14.526155+00
onepiece:optcg:P-092:en,P-092,P,2026-05-29 14:57:08.109+00
onepiece:optcg:P-093:en,P-093,P,2026-05-29 14:57:08.109+00
onepiece:optcg:P-096:ja,P-096,P,2026-06-15 22:12:14.526155+00
onepiece:optcg:P-096:en,P-096,P,2026-05-29 14:57:08.109+00
onepiece:optcg:P-097:en,P-097,P,2026-05-29 14:57:08.109+00
onepiece:optcg:P-097:ja,P-097,P,2026-06-15 22:12:14.526155+00
onepiece:optcg:P-098:ja,P-098,P,2026-06-15 22:12:14.526155+00
onepiece:optcg:P-098:en,P-098,P,2026-05-29 14:57:08.109+00
onepiece:optcg:P-099:ja,P-099,P,2026-06-15 22:12:14.526155+00
onepiece:optcg:P-099:en,P-099,P,2026-05-29 14:57:08.109+00
onepiece:optcg:P-100:ja,P-100,P,2026-06-15 22:12:14.526155+00
onepiece:optcg:P-100:en,P-100,P,2026-05-29 14:57:08.109+00
onepiece:optcg:P-101:en,P-101,P,2026-05-29 14:57:08.109+00
onepiece:optcg:P-101:ja,P-101,P,2026-06-15 22:12:14.526155+00
onepiece:optcg:P-102:en,P-102,P,2026-05-29 14:57:08.109+00
onepiece:optcg:P-102:ja,P-102,P,2026-06-15 22:12:14.526155+00
onepiece:optcg:P-103:en,P-103,P,2026-05-29 14:57:08.109+00
onepiece:optcg:P-103:ja,P-103,P,2026-06-15 22:12:14.526155+00
onepiece:optcg:P-104:ja,P-104,P,2026-06-15 22:12:14.526155+00
onepiece:optcg:P-104:en,P-104,P,2026-05-29 14:57:08.109+00
onepiece:optcg:P-105:en,P-105,P,2026-05-29 14:57:08.108+00
onepiece:optcg:P-105:ja,P-105,P,2026-06-15 22:12:14.526155+00
onepiece:optcg:P-106:en,P-106,P,2026-05-29 14:57:08.109+00
onepiece:optcg:P-106:ja,P-106,P,2026-06-15 22:12:14.526155+00
onepiece:optcg:P-107:en,P-107,P,2026-05-29 14:57:08.109+00
onepiece:optcg:P-107:ja,P-107,P,2026-06-15 22:12:14.526155+00
onepiece:optcg:P-111:ja,P-111,P,2026-06-15 22:12:14.526155+00
onepiece:optcg:P-111:en,P-111,P,2026-05-29 14:57:08.109+00
onepiece:optcg:P-112:en,P-112,P,2026-05-29 14:57:08.109+00
onepiece:optcg:P-112:ja,P-112,P,2026-06-15 22:12:14.526155+00
onepiece:optcg:P-113:en,P-113,P,2026-05-29 14:57:08.109+00
onepiece:optcg:P-113:ja,P-113,P,2026-06-15 22:12:14.526155+00
onepiece:optcg:P-114:en,P-114,P,2026-05-29 14:57:08.109+00
onepiece:optcg:P-115:ja,P-115,P,2026-06-15 22:12:14.526155+00
onepiece:optcg:P-115:en,P-115,P,2026-05-29 14:57:08.109+00
onepiece:optcg:P-117:ja,P-117,P,2026-06-15 22:12:14.526155+00
onepiece:optcg:P-117:en,P-117,P,2026-05-29 14:57:08.109+00
onepiece:optcg:P-119:ja,P-119,P,2026-06-15 22:12:14.526155+00
onepiece:optcg:P-119:en,P-119,P,2026-05-29 14:57:08.109+00
onepiece:optcg:P-135:ja,P-135,P,2026-06-15 22:12:14.526155+00
onepiece:optcg:P-136:en,P-136,P,2026-05-29 14:57:08.109+00
onepiece:optcg:P-138:en,P-138,P,2026-05-29 14:57:08.109+00
onepiece:optcg:P-139:en,P-139,P,2026-05-29 14:57:08.109+00
onepiece:optcg:P-140:en,P-140,P,2026-05-29 14:57:08.109+00
onepiece:optcg:P-142:en,P-142,P,2026-05-29 14:57:08.109+00
onepiece:optcg:P-147:en,P-147,P,2026-05-29 14:57:08.109+00
onepiece:optcg:P-148:en,P-148,P,2026-05-29 14:57:08.109+00
onepiece:optcg:P-700:en,P-700,P,2026-05-29 14:57:08.108+00
onepiece:optcg:P-800:en,P-800,P,2026-05-29 14:57:08.108+00
onepiece:optcg:P-900:en,P-900,P,2026-05-29 14:57:08.108+00
onepiece:optcg:ST01-004:ja,ST01-004,P,2026-06-15 17:16:16.534701+00
onepiece:optcg:ST01-007:ja,ST01-007,P,2026-06-15 17:16:16.534701+00
onepiece:optcg:ST01-009:ja,ST01-009,P,2026-06-15 17:16:16.534701+00
onepiece:optcg:ST01-011:ja,ST01-011,P,2026-06-15 17:16:16.534701+00
onepiece:optcg:ST01-012:ja,ST01-012,P,2026-06-15 17:16:16.534701+00
onepiece:optcg:ST01-015:ja,ST01-015,P,2026-06-15 17:16:16.534701+00
onepiece:optcg:ST02-007:ja,ST02-007,P,2026-06-15 17:16:15.417924+00
onepiece:optcg:ST02-008:ja,ST02-008,P,2026-06-15 17:16:15.417924+00
onepiece:optcg:ST02-013:ja,ST02-013,P,2026-06-15 17:16:15.417924+00
onepiece:optcg:ST03-003:ja,ST03-003,P,2026-06-15 17:16:12.465283+00
onepiece:optcg:ST03-005:ja,ST03-005,P,2026-06-15 17:15:56.420159+00
onepiece:optcg:ST03-007:ja,ST03-007,P,2026-06-15 17:16:12.465283+00
onepiece:optcg:ST03-008:ja,ST03-008,P,2026-06-15 17:15:56.420159+00
onepiece:optcg:ST03-014:ja,ST03-014,P,2026-06-15 17:16:12.465283+00
onepiece:optcg:ST04-003:ja,ST04-003,P,2026-06-15 17:16:11.493297+00
onepiece:optcg:ST04-008:ja,ST04-008,P,2026-06-15 17:16:11.493297+00
onepiece:optcg:ST04-010:ja,ST04-010,P,2026-06-15 17:16:11.493297+00
onepiece:optcg:ST04-011:ja,ST04-011,P,2026-06-15 17:16:11.493297+00
onepiece:optcg:ST06-006:ja,ST06-006,P,2026-06-15 17:16:09.517792+00
onepiece:optcg:ST07-008:ja,ST07-008,P,2026-06-15 17:16:07.956284+00
onepiece:optcg:ST10-006:ja,ST10-006,P,2026-06-15 17:16:03.502381+00
onepiece:optcg:ST10-008:ja,ST10-008,P,2026-06-15 17:16:03.502381+00
onepiece:optcg:ST10-010:ja,ST10-010,P,2026-06-15 17:16:03.502381+00
onepiece:optcg:ST10-013:ja,ST10-013,P,2026-06-15 17:16:03.502381+00
onepiece:optcg:ST11-003:ja,ST11-003,P,2026-06-15 17:15:57.479419+00
onepiece:optcg:ST11-004:ja,ST11-004,P,2026-06-15 17:15:57.479419+00
onepiece:optcg:ST11-005:ja,ST11-005,P,2026-06-15 17:15:57.479419+00
onepiece:optcg:ST12-008:ja,ST12-008,P,2026-06-15 17:16:01.425326+00
onepiece:optcg:ST13-003:ja,ST13-003,P,2026-06-15 22:12:03.899087+00
onepiece:optcg:ST15-005:ja,ST15-005,P,2026-06-15 17:15:58.431643+00
onepiece:optcg:ST17-003:ja,ST17-003,P,2026-06-15 17:15:56.420159+00
onepiece:optcg:ST18-002:ja,ST18-002,P,2026-06-15 17:15:55.525524+00
onepiece:optcg:ST18-003:ja,ST18-003,P,2026-06-15 17:15:55.525524+00
onepiece:optcg:ST19-002:ja,ST19-002,P,2026-06-15 17:15:54.528532+00
onepiece:optcg:ST21-015:ja,ST21-015,P,2026-06-15 22:12:07.432223+00
