id,source_id,set_id,card_number,lang,tcg,source,updated_at
pokemon:tcgdex:P-A-001:de,P-A-001,P,001,de,pokemon,tcgdex,2026-08-09 04:00:49.041+00
pokemon:tcgdex:P-A-001:es,P-A-001,P,001,es,pokemon,tcgdex,2026-08-09 04:01:08.686+00
pokemon:tcgdex:P-A-001:fr,P-A-001,P,001,fr,pokemon,tcgdex,2026-08-09 04:00:38.354+00
pokemon:tcgdex:P-A-001:it,P-A-001,P,001,it,pokemon,tcgdex,2026-08-09 04:01:02.107+00
pokemon:tcgdex:P-A-002:de,P-A-002,P,002,de,pokemon,tcgdex,2026-08-09 04:00:49.041+00
pokemon:tcgdex:P-A-002:es,P-A-002,P,002,es,pokemon,tcgdex,2026-08-09 04:01:08.687+00
pokemon:tcgdex:P-A-002:fr,P-A-002,P,002,fr,pokemon,tcgdex,2026-08-09 04:00:38.354+00
pokemon:tcgdex:P-A-002:it,P-A-002,P,002,it,pokemon,tcgdex,2026-08-09 04:01:02.107+00
pokemon:tcgdex:P-A-003:de,P-A-003,P,003,de,pokemon,tcgdex,2026-08-09 04:00:49.041+00
pokemon:tcgdex:P-A-003:es,P-A-003,P,003,es,pokemon,tcgdex,2026-08-09 04:01:08.687+00
pokemon:tcgdex:P-A-003:fr,P-A-003,P,003,fr,pokemon,tcgdex,2026-08-09 04:00:38.354+00
pokemon:tcgdex:P-A-003:it,P-A-003,P,003,it,pokemon,tcgdex,2026-08-09 04:01:02.107+00
pokemon:tcgdex:P-A-004:de,P-A-004,P,004,de,pokemon,tcgdex,2026-08-09 04:00:49.042+00
pokemon:tcgdex:P-A-004:es,P-A-004,P,004,es,pokemon,tcgdex,2026-08-09 04:01:08.687+00
pokemon:tcgdex:P-A-004:fr,P-A-004,P,004,fr,pokemon,tcgdex,2026-08-09 04:00:39.161+00
pokemon:tcgdex:P-A-004:it,P-A-004,P,004,it,pokemon,tcgdex,2026-08-09 04:01:02.108+00
pokemon:tcgdex:P-A-005:de,P-A-005,P,005,de,pokemon,tcgdex,2026-08-09 04:00:49.492+00
pokemon:tcgdex:P-A-005:es,P-A-005,P,005,es,pokemon,tcgdex,2026-08-09 04:01:08.687+00
pokemon:tcgdex:P-A-005:fr,P-A-005,P,005,fr,pokemon,tcgdex,2026-08-09 04:00:39.161+00
pokemon:tcgdex:P-A-005:it,P-A-005,P,005,it,pokemon,tcgdex,2026-08-09 04:01:02.108+00
pokemon:tcgdex:P-A-006:de,P-A-006,P,006,de,pokemon,tcgdex,2026-08-09 04:00:49.492+00
pokemon:tcgdex:P-A-006:es,P-A-006,P,006,es,pokemon,tcgdex,2026-08-09 04:01:08.913+00
pokemon:tcgdex:P-A-006:fr,P-A-006,P,006,fr,pokemon,tcgdex,2026-08-09 04:00:39.161+00
pokemon:tcgdex:P-A-006:it,P-A-006,P,006,it,pokemon,tcgdex,2026-08-09 04:01:02.409+00
pokemon:tcgdex:P-A-007:de,P-A-007,P,007,de,pokemon,tcgdex,2026-08-09 04:00:49.493+00
pokemon:tcgdex:P-A-007:es,P-A-007,P,007,es,pokemon,tcgdex,2026-08-09 04:01:08.913+00
pokemon:tcgdex:P-A-007:fr,P-A-007,P,007,fr,pokemon,tcgdex,2026-08-09 04:00:39.792+00
pokemon:tcgdex:P-A-007:it,P-A-007,P,007,it,pokemon,tcgdex,2026-08-09 04:01:02.409+00
pokemon:tcgdex:P-A-008:de,P-A-008,P,008,de,pokemon,tcgdex,2026-08-09 04:00:49.76+00
pokemon:tcgdex:P-A-008:es,P-A-008,P,008,es,pokemon,tcgdex,2026-08-09 04:01:08.914+00
pokemon:tcgdex:P-A-008:fr,P-A-008,P,008,fr,pokemon,tcgdex,2026-08-09 04:00:39.792+00
pokemon:tcgdex:P-A-008:it,P-A-008,P,008,it,pokemon,tcgdex,2026-08-09 04:01:02.409+00
pokemon:tcgdex:P-A-009:de,P-A-009,P,009,de,pokemon,tcgdex,2026-08-09 04:00:49.76+00
pokemon:tcgdex:P-A-009:es,P-A-009,P,009,es,pokemon,tcgdex,2026-08-09 04:01:08.914+00
pokemon:tcgdex:P-A-009:fr,P-A-009,P,009,fr,pokemon,tcgdex,2026-08-09 04:00:40.245+00
pokemon:tcgdex:P-A-009:it,P-A-009,P,009,it,pokemon,tcgdex,2026-08-09 04:01:02.409+00
pokemon:tcgdex:P-A-010:de,P-A-010,P,010,de,pokemon,tcgdex,2026-08-09 04:00:49.761+00
pokemon:tcgdex:P-A-010:es,P-A-010,P,010,es,pokemon,tcgdex,2026-08-09 04:01:08.914+00
pokemon:tcgdex:P-A-010:fr,P-A-010,P,010,fr,pokemon,tcgdex,2026-08-09 04:00:40.246+00
pokemon:tcgdex:P-A-010:it,P-A-010,P,010,it,pokemon,tcgdex,2026-08-09 04:01:02.409+00
pokemon:tcgdex:P-A-011:de,P-A-011,P,011,de,pokemon,tcgdex,2026-08-09 04:00:49.761+00
pokemon:tcgdex:P-A-011:es,P-A-011,P,011,es,pokemon,tcgdex,2026-08-09 04:01:09.097+00
pokemon:tcgdex:P-A-011:fr,P-A-011,P,011,fr,pokemon,tcgdex,2026-08-09 04:00:40.246+00
pokemon:tcgdex:P-A-011:it,P-A-011,P,011,it,pokemon,tcgdex,2026-08-09 04:01:02.613+00
pokemon:tcgdex:P-A-012:de,P-A-012,P,012,de,pokemon,tcgdex,2026-08-09 04:00:50.054+00
pokemon:tcgdex:P-A-012:es,P-A-012,P,012,es,pokemon,tcgdex,2026-08-09 04:01:09.097+00
pokemon:tcgdex:P-A-012:fr,P-A-012,P,012,fr,pokemon,tcgdex,2026-08-09 04:00:40.612+00
pokemon:tcgdex:P-A-012:it,P-A-012,P,012,it,pokemon,tcgdex,2026-08-09 04:01:02.613+00
pokemon:tcgdex:P-A-013:de,P-A-013,P,013,de,pokemon,tcgdex,2026-08-09 04:00:50.054+00
pokemon:tcgdex:P-A-013:es,P-A-013,P,013,es,pokemon,tcgdex,2026-08-09 04:01:09.097+00
pokemon:tcgdex:P-A-013:fr,P-A-013,P,013,fr,pokemon,tcgdex,2026-08-09 04:00:40.612+00
pokemon:tcgdex:P-A-013:it,P-A-013,P,013,it,pokemon,tcgdex,2026-08-09 04:01:02.613+00
pokemon:tcgdex:P-A-014:de,P-A-014,P,014,de,pokemon,tcgdex,2026-08-09 04:00:50.054+00
pokemon:tcgdex:P-A-014:es,P-A-014,P,014,es,pokemon,tcgdex,2026-08-09 04:01:09.097+00
pokemon:tcgdex:P-A-014:fr,P-A-014,P,014,fr,pokemon,tcgdex,2026-08-09 04:00:40.612+00
pokemon:tcgdex:P-A-014:it,P-A-014,P,014,it,pokemon,tcgdex,2026-08-09 04:01:02.614+00
pokemon:tcgdex:P-A-015:de,P-A-015,P,015,de,pokemon,tcgdex,2026-08-09 04:00:50.054+00
pokemon:tcgdex:P-A-015:es,P-A-015,P,015,es,pokemon,tcgdex,2026-08-09 04:01:09.097+00
pokemon:tcgdex:P-A-015:fr,P-A-015,P,015,fr,pokemon,tcgdex,2026-08-09 04:00:40.942+00
pokemon:tcgdex:P-A-015:it,P-A-015,P,015,it,pokemon,tcgdex,2026-08-09 04:01:02.614+00
pokemon:tcgdex:P-A-016:de,P-A-016,P,016,de,pokemon,tcgdex,2026-08-09 04:00:50.317+00
pokemon:tcgdex:P-A-016:es,P-A-016,P,016,es,pokemon,tcgdex,2026-08-09 04:01:09.3+00
pokemon:tcgdex:P-A-016:fr,P-A-016,P,016,fr,pokemon,tcgdex,2026-08-09 04:00:40.942+00
pokemon:tcgdex:P-A-016:it,P-A-016,P,016,it,pokemon,tcgdex,2026-08-09 04:01:02.811+00
pokemon:tcgdex:P-A-017:de,P-A-017,P,017,de,pokemon,tcgdex,2026-08-09 04:00:50.317+00
pokemon:tcgdex:P-A-017:es,P-A-017,P,017,es,pokemon,tcgdex,2026-08-09 04:01:09.3+00
pokemon:tcgdex:P-A-017:fr,P-A-017,P,017,fr,pokemon,tcgdex,2026-08-09 04:00:40.942+00
pokemon:tcgdex:P-A-017:it,P-A-017,P,017,it,pokemon,tcgdex,2026-08-09 04:01:02.811+00
pokemon:tcgdex:P-A-018:de,P-A-018,P,018,de,pokemon,tcgdex,2026-08-09 04:00:50.318+00
pokemon:tcgdex:P-A-018:es,P-A-018,P,018,es,pokemon,tcgdex,2026-08-09 04:01:09.3+00
pokemon:tcgdex:P-A-018:fr,P-A-018,P,018,fr,pokemon,tcgdex,2026-08-09 04:00:40.942+00
pokemon:tcgdex:P-A-018:it,P-A-018,P,018,it,pokemon,tcgdex,2026-08-09 04:01:02.811+00
pokemon:tcgdex:P-A-019:de,P-A-019,P,019,de,pokemon,tcgdex,2026-08-09 04:00:50.318+00
pokemon:tcgdex:P-A-019:es,P-A-019,P,019,es,pokemon,tcgdex,2026-08-09 04:01:09.3+00
pokemon:tcgdex:P-A-019:fr,P-A-019,P,019,fr,pokemon,tcgdex,2026-08-09 04:00:41.223+00
pokemon:tcgdex:P-A-019:it,P-A-019,P,019,it,pokemon,tcgdex,2026-08-09 04:01:02.811+00
pokemon:tcgdex:P-A-020:de,P-A-020,P,020,de,pokemon,tcgdex,2026-08-09 04:00:50.567+00
pokemon:tcgdex:P-A-020:es,P-A-020,P,020,es,pokemon,tcgdex,2026-08-09 04:01:09.301+00
pokemon:tcgdex:P-A-020:fr,P-A-020,P,020,fr,pokemon,tcgdex,2026-08-09 04:00:41.223+00
pokemon:tcgdex:P-A-020:it,P-A-020,P,020,it,pokemon,tcgdex,2026-08-09 04:01:02.812+00
pokemon:tcgdex:P-A-021:de,P-A-021,P,021,de,pokemon,tcgdex,2026-08-09 04:00:50.567+00
pokemon:tcgdex:P-A-021:es,P-A-021,P,021,es,pokemon,tcgdex,2026-08-09 04:01:09.524+00
pokemon:tcgdex:P-A-021:fr,P-A-021,P,021,fr,pokemon,tcgdex,2026-08-09 04:00:41.223+00
pokemon:tcgdex:P-A-021:it,P-A-021,P,021,it,pokemon,tcgdex,2026-08-09 04:01:03.037+00
pokemon:tcgdex:P-A-022:de,P-A-022,P,022,de,pokemon,tcgdex,2026-08-09 04:00:50.567+00
pokemon:tcgdex:P-A-022:es,P-A-022,P,022,es,pokemon,tcgdex,2026-08-09 04:01:09.524+00
pokemon:tcgdex:P-A-022:fr,P-A-022,P,022,fr,pokemon,tcgdex,2026-08-09 04:00:41.483+00
pokemon:tcgdex:P-A-022:it,P-A-022,P,022,it,pokemon,tcgdex,2026-08-09 04:01:03.037+00
pokemon:tcgdex:P-A-023:de,P-A-023,P,023,de,pokemon,tcgdex,2026-08-09 04:00:50.568+00
pokemon:tcgdex:P-A-023:es,P-A-023,P,023,es,pokemon,tcgdex,2026-08-09 04:01:09.525+00
pokemon:tcgdex:P-A-023:fr,P-A-023,P,023,fr,pokemon,tcgdex,2026-08-09 04:00:41.483+00
pokemon:tcgdex:P-A-023:it,P-A-023,P,023,it,pokemon,tcgdex,2026-08-09 04:01:03.037+00
pokemon:tcgdex:P-A-024:de,P-A-024,P,024,de,pokemon,tcgdex,2026-08-09 04:00:53.034+00
pokemon:tcgdex:P-A-024:es,P-A-024,P,024,es,pokemon,tcgdex,2026-08-09 04:01:09.525+00
pokemon:tcgdex:P-A-024:fr,P-A-024,P,024,fr,pokemon,tcgdex,2026-08-09 04:00:41.483+00
pokemon:tcgdex:P-A-024:it,P-A-024,P,024,it,pokemon,tcgdex,2026-08-09 04:01:03.037+00
pokemon:tcgdex:P-A-025:de,P-A-025,P,025,de,pokemon,tcgdex,2026-08-09 04:00:53.035+00
pokemon:tcgdex:P-A-025:es,P-A-025,P,025,es,pokemon,tcgdex,2026-08-09 04:01:09.525+00
pokemon:tcgdex:P-A-025:fr,P-A-025,P,025,fr,pokemon,tcgdex,2026-08-09 04:00:41.732+00
pokemon:tcgdex:P-A-025:it,P-A-025,P,025,it,pokemon,tcgdex,2026-08-09 04:01:03.037+00
pokemon:tcgdex:P-A-026:de,P-A-026,P,026,de,pokemon,tcgdex,2026-08-09 04:00:53.035+00
pokemon:tcgdex:P-A-026:es,P-A-026,P,026,es,pokemon,tcgdex,2026-08-09 04:01:09.685+00
pokemon:tcgdex:P-A-026:fr,P-A-026,P,026,fr,pokemon,tcgdex,2026-08-09 04:00:41.733+00
pokemon:tcgdex:P-A-026:it,P-A-026,P,026,it,pokemon,tcgdex,2026-08-09 04:01:03.21+00
pokemon:tcgdex:P-A-027:de,P-A-027,P,027,de,pokemon,tcgdex,2026-08-09 04:00:53.035+00
pokemon:tcgdex:P-A-027:es,P-A-027,P,027,es,pokemon,tcgdex,2026-08-09 04:01:09.685+00
pokemon:tcgdex:P-A-027:fr,P-A-027,P,027,fr,pokemon,tcgdex,2026-08-09 04:00:41.733+00
pokemon:tcgdex:P-A-027:it,P-A-027,P,027,it,pokemon,tcgdex,2026-08-09 04:01:03.21+00
pokemon:tcgdex:P-A-028:de,P-A-028,P,028,de,pokemon,tcgdex,2026-08-09 04:00:53.279+00
pokemon:tcgdex:P-A-028:es,P-A-028,P,028,es,pokemon,tcgdex,2026-08-09 04:01:09.685+00
pokemon:tcgdex:P-A-028:fr,P-A-028,P,028,fr,pokemon,tcgdex,2026-08-09 04:00:41.733+00
pokemon:tcgdex:P-A-028:it,P-A-028,P,028,it,pokemon,tcgdex,2026-08-09 04:01:03.21+00
pokemon:tcgdex:P-A-029:de,P-A-029,P,029,de,pokemon,tcgdex,2026-08-09 04:00:53.279+00
pokemon:tcgdex:P-A-029:es,P-A-029,P,029,es,pokemon,tcgdex,2026-08-09 04:01:09.686+00
pokemon:tcgdex:P-A-029:fr,P-A-029,P,029,fr,pokemon,tcgdex,2026-08-09 04:00:41.966+00
pokemon:tcgdex:P-A-029:it,P-A-029,P,029,it,pokemon,tcgdex,2026-08-09 04:01:03.21+00
pokemon:tcgdex:P-A-030:de,P-A-030,P,030,de,pokemon,tcgdex,2026-08-09 04:00:53.279+00
pokemon:tcgdex:P-A-030:es,P-A-030,P,030,es,pokemon,tcgdex,2026-08-09 04:01:09.686+00
pokemon:tcgdex:P-A-030:fr,P-A-030,P,030,fr,pokemon,tcgdex,2026-08-09 04:00:41.966+00
pokemon:tcgdex:P-A-030:it,P-A-030,P,030,it,pokemon,tcgdex,2026-08-09 04:01:03.21+00
pokemon:tcgdex:P-A-031:de,P-A-031,P,031,de,pokemon,tcgdex,2026-08-09 04:00:53.279+00
pokemon:tcgdex:P-A-031:es,P-A-031,P,031,es,pokemon,tcgdex,2026-08-09 04:01:09.816+00
pokemon:tcgdex:P-A-031:fr,P-A-031,P,031,fr,pokemon,tcgdex,2026-08-09 04:00:41.966+00
pokemon:tcgdex:P-A-031:it,P-A-031,P,031,it,pokemon,tcgdex,2026-08-09 04:01:03.393+00
pokemon:tcgdex:P-A-032:de,P-A-032,P,032,de,pokemon,tcgdex,2026-08-09 04:00:53.514+00
pokemon:tcgdex:P-A-032:es,P-A-032,P,032,es,pokemon,tcgdex,2026-08-09 04:01:09.816+00
pokemon:tcgdex:P-A-032:fr,P-A-032,P,032,fr,pokemon,tcgdex,2026-08-09 04:00:42.179+00
pokemon:tcgdex:P-A-032:it,P-A-032,P,032,it,pokemon,tcgdex,2026-08-09 04:01:03.393+00
pokemon:tcgdex:P-A-033:de,P-A-033,P,033,de,pokemon,tcgdex,2026-08-09 04:00:53.514+00
pokemon:tcgdex:P-A-033:es,P-A-033,P,033,es,pokemon,tcgdex,2026-08-09 04:01:09.816+00
pokemon:tcgdex:P-A-033:fr,P-A-033,P,033,fr,pokemon,tcgdex,2026-08-09 04:00:42.179+00
pokemon:tcgdex:P-A-033:it,P-A-033,P,033,it,pokemon,tcgdex,2026-08-09 04:01:03.393+00
pokemon:tcgdex:P-A-034:de,P-A-034,P,034,de,pokemon,tcgdex,2026-08-09 04:00:53.515+00
pokemon:tcgdex:P-A-034:es,P-A-034,P,034,es,pokemon,tcgdex,2026-08-09 04:01:09.816+00
pokemon:tcgdex:P-A-034:fr,P-A-034,P,034,fr,pokemon,tcgdex,2026-08-09 04:00:42.179+00
pokemon:tcgdex:P-A-034:it,P-A-034,P,034,it,pokemon,tcgdex,2026-08-09 04:01:03.393+00
pokemon:tcgdex:P-A-035:de,P-A-035,P,035,de,pokemon,tcgdex,2026-08-09 04:00:53.515+00
pokemon:tcgdex:P-A-035:es,P-A-035,P,035,es,pokemon,tcgdex,2026-08-09 04:01:09.816+00
pokemon:tcgdex:P-A-035:fr,P-A-035,P,035,fr,pokemon,tcgdex,2026-08-09 04:00:42.18+00
pokemon:tcgdex:P-A-035:it,P-A-035,P,035,it,pokemon,tcgdex,2026-08-09 04:01:03.393+00
pokemon:tcgdex:P-A-036:de,P-A-036,P,036,de,pokemon,tcgdex,2026-08-09 04:00:53.723+00
pokemon:tcgdex:P-A-036:es,P-A-036,P,036,es,pokemon,tcgdex,2026-08-09 04:01:09.816+00
pokemon:tcgdex:P-A-036:fr,P-A-036,P,036,fr,pokemon,tcgdex,2026-08-09 04:00:42.371+00
pokemon:tcgdex:P-A-036:it,P-A-036,P,036,it,pokemon,tcgdex,2026-08-09 04:01:03.393+00
pokemon:tcgdex:P-A-037:de,P-A-037,P,037,de,pokemon,tcgdex,2026-08-09 04:00:53.723+00
pokemon:tcgdex:P-A-037:es,P-A-037,P,037,es,pokemon,tcgdex,2026-08-09 04:01:09.915+00
pokemon:tcgdex:P-A-037:fr,P-A-037,P,037,fr,pokemon,tcgdex,2026-08-09 04:00:42.371+00
pokemon:tcgdex:P-A-037:it,P-A-037,P,037,it,pokemon,tcgdex,2026-08-09 04:01:03.579+00
pokemon:tcgdex:P-A-038:de,P-A-038,P,038,de,pokemon,tcgdex,2026-08-09 04:00:53.723+00
pokemon:tcgdex:P-A-038:es,P-A-038,P,038,es,pokemon,tcgdex,2026-08-09 04:01:09.915+00
pokemon:tcgdex:P-A-038:fr,P-A-038,P,038,fr,pokemon,tcgdex,2026-08-09 04:00:42.371+00
pokemon:tcgdex:P-A-038:it,P-A-038,P,038,it,pokemon,tcgdex,2026-08-09 04:01:03.579+00
pokemon:tcgdex:P-A-039:de,P-A-039,P,039,de,pokemon,tcgdex,2026-08-09 04:00:53.955+00
pokemon:tcgdex:P-A-039:es,P-A-039,P,039,es,pokemon,tcgdex,2026-08-09 04:01:09.915+00
pokemon:tcgdex:P-A-039:fr,P-A-039,P,039,fr,pokemon,tcgdex,2026-08-09 04:00:42.372+00
pokemon:tcgdex:P-A-039:it,P-A-039,P,039,it,pokemon,tcgdex,2026-08-09 04:01:03.579+00
pokemon:tcgdex:P-A-040:de,P-A-040,P,040,de,pokemon,tcgdex,2026-08-09 04:00:53.955+00
pokemon:tcgdex:P-A-040:es,P-A-040,P,040,es,pokemon,tcgdex,2026-08-09 04:01:09.915+00
pokemon:tcgdex:P-A-040:fr,P-A-040,P,040,fr,pokemon,tcgdex,2026-08-09 04:00:42.615+00
pokemon:tcgdex:P-A-040:it,P-A-040,P,040,it,pokemon,tcgdex,2026-08-09 04:01:03.579+00
pokemon:tcgdex:P-A-041:de,P-A-041,P,041,de,pokemon,tcgdex,2026-08-09 04:00:53.955+00
pokemon:tcgdex:P-A-041:es,P-A-041,P,041,es,pokemon,tcgdex,2026-08-09 04:01:09.915+00
pokemon:tcgdex:P-A-041:fr,P-A-041,P,041,fr,pokemon,tcgdex,2026-08-09 04:00:42.615+00
pokemon:tcgdex:P-A-041:it,P-A-041,P,041,it,pokemon,tcgdex,2026-08-09 04:01:03.579+00
pokemon:tcgdex:P-A-042:de,P-A-042,P,042,de,pokemon,tcgdex,2026-08-09 04:00:53.955+00
pokemon:tcgdex:P-A-042:es,P-A-042,P,042,es,pokemon,tcgdex,2026-08-09 04:01:09.915+00
pokemon:tcgdex:P-A-042:fr,P-A-042,P,042,fr,pokemon,tcgdex,2026-08-09 04:00:42.615+00
pokemon:tcgdex:P-A-042:it,P-A-042,P,042,it,pokemon,tcgdex,2026-08-09 04:01:03.579+00
pokemon:tcgdex:P-A-043:de,P-A-043,P,043,de,pokemon,tcgdex,2026-08-09 04:00:54.246+00
pokemon:tcgdex:P-A-043:es,P-A-043,P,043,es,pokemon,tcgdex,2026-08-09 04:01:10.024+00
pokemon:tcgdex:P-A-043:fr,P-A-043,P,043,fr,pokemon,tcgdex,2026-08-09 04:00:42.865+00
pokemon:tcgdex:P-A-043:it,P-A-043,P,043,it,pokemon,tcgdex,2026-08-09 04:01:03.754+00
pokemon:tcgdex:P-A-044:de,P-A-044,P,044,de,pokemon,tcgdex,2026-08-09 04:00:54.246+00
pokemon:tcgdex:P-A-044:es,P-A-044,P,044,es,pokemon,tcgdex,2026-08-09 04:01:10.024+00
pokemon:tcgdex:P-A-044:fr,P-A-044,P,044,fr,pokemon,tcgdex,2026-08-09 04:00:42.865+00
pokemon:tcgdex:P-A-044:it,P-A-044,P,044,it,pokemon,tcgdex,2026-08-09 04:01:03.754+00
pokemon:tcgdex:P-A-045:de,P-A-045,P,045,de,pokemon,tcgdex,2026-08-09 04:00:54.246+00
pokemon:tcgdex:P-A-045:es,P-A-045,P,045,es,pokemon,tcgdex,2026-08-09 04:01:10.024+00
pokemon:tcgdex:P-A-045:fr,P-A-045,P,045,fr,pokemon,tcgdex,2026-08-09 04:00:42.865+00
pokemon:tcgdex:P-A-045:it,P-A-045,P,045,it,pokemon,tcgdex,2026-08-09 04:01:03.754+00
pokemon:tcgdex:P-A-046:de,P-A-046,P,046,de,pokemon,tcgdex,2026-08-09 04:00:54.246+00
pokemon:tcgdex:P-A-046:es,P-A-046,P,046,es,pokemon,tcgdex,2026-08-09 04:01:10.024+00
pokemon:tcgdex:P-A-046:fr,P-A-046,P,046,fr,pokemon,tcgdex,2026-08-09 04:00:42.865+00
pokemon:tcgdex:P-A-046:it,P-A-046,P,046,it,pokemon,tcgdex,2026-08-09 04:01:03.754+00
pokemon:tcgdex:P-A-047:de,P-A-047,P,047,de,pokemon,tcgdex,2026-08-09 04:00:54.647+00
pokemon:tcgdex:P-A-047:es,P-A-047,P,047,es,pokemon,tcgdex,2026-08-09 04:01:10.024+00
pokemon:tcgdex:P-A-047:fr,P-A-047,P,047,fr,pokemon,tcgdex,2026-08-09 04:00:43.108+00
pokemon:tcgdex:P-A-047:it,P-A-047,P,047,it,pokemon,tcgdex,2026-08-09 04:01:03.754+00
pokemon:tcgdex:P-A-048:de,P-A-048,P,048,de,pokemon,tcgdex,2026-08-09 04:00:54.647+00
pokemon:tcgdex:P-A-048:es,P-A-048,P,048,es,pokemon,tcgdex,2026-08-09 04:01:10.024+00
pokemon:tcgdex:P-A-048:fr,P-A-048,P,048,fr,pokemon,tcgdex,2026-08-09 04:00:43.108+00
pokemon:tcgdex:P-A-048:it,P-A-048,P,048,it,pokemon,tcgdex,2026-08-09 04:01:03.754+00
pokemon:tcgdex:P-A-049:de,P-A-049,P,049,de,pokemon,tcgdex,2026-08-09 04:00:54.647+00
pokemon:tcgdex:P-A-049:es,P-A-049,P,049,es,pokemon,tcgdex,2026-08-09 04:01:10.024+00
pokemon:tcgdex:P-A-049:fr,P-A-049,P,049,fr,pokemon,tcgdex,2026-08-09 04:00:43.108+00
pokemon:tcgdex:P-A-049:it,P-A-049,P,049,it,pokemon,tcgdex,2026-08-09 04:01:03.986+00
pokemon:tcgdex:P-A-050:de,P-A-050,P,050,de,pokemon,tcgdex,2026-08-09 04:00:54.648+00
pokemon:tcgdex:P-A-050:es,P-A-050,P,050,es,pokemon,tcgdex,2026-08-09 04:01:10.148+00
pokemon:tcgdex:P-A-050:fr,P-A-050,P,050,fr,pokemon,tcgdex,2026-08-09 04:00:43.108+00
pokemon:tcgdex:P-A-050:it,P-A-050,P,050,it,pokemon,tcgdex,2026-08-09 04:01:03.986+00
pokemon:tcgdex:P-A-051:de,P-A-051,P,051,de,pokemon,tcgdex,2026-08-09 04:00:54.912+00
pokemon:tcgdex:P-A-051:es,P-A-051,P,051,es,pokemon,tcgdex,2026-08-09 04:01:10.148+00
pokemon:tcgdex:P-A-051:fr,P-A-051,P,051,fr,pokemon,tcgdex,2026-08-09 04:00:43.337+00
pokemon:tcgdex:P-A-051:it,P-A-051,P,051,it,pokemon,tcgdex,2026-08-09 04:01:03.986+00
pokemon:tcgdex:P-A-052:de,P-A-052,P,052,de,pokemon,tcgdex,2026-08-09 04:00:54.912+00
pokemon:tcgdex:P-A-052:es,P-A-052,P,052,es,pokemon,tcgdex,2026-08-09 04:01:10.149+00
pokemon:tcgdex:P-A-052:fr,P-A-052,P,052,fr,pokemon,tcgdex,2026-08-09 04:00:43.337+00
pokemon:tcgdex:P-A-052:it,P-A-052,P,052,it,pokemon,tcgdex,2026-08-09 04:01:03.986+00
pokemon:tcgdex:P-A-053:de,P-A-053,P,053,de,pokemon,tcgdex,2026-08-09 04:00:54.912+00
pokemon:tcgdex:P-A-053:es,P-A-053,P,053,es,pokemon,tcgdex,2026-08-09 04:01:10.149+00
pokemon:tcgdex:P-A-053:fr,P-A-053,P,053,fr,pokemon,tcgdex,2026-08-09 04:00:43.338+00
pokemon:tcgdex:P-A-053:it,P-A-053,P,053,it,pokemon,tcgdex,2026-08-09 04:01:03.986+00
pokemon:tcgdex:P-A-054:de,P-A-054,P,054,de,pokemon,tcgdex,2026-08-09 04:00:54.912+00
pokemon:tcgdex:P-A-054:es,P-A-054,P,054,es,pokemon,tcgdex,2026-08-09 04:01:10.149+00
pokemon:tcgdex:P-A-054:fr,P-A-054,P,054,fr,pokemon,tcgdex,2026-08-09 04:00:43.338+00
pokemon:tcgdex:P-A-054:it,P-A-054,P,054,it,pokemon,tcgdex,2026-08-09 04:01:03.986+00
pokemon:tcgdex:P-A-055:de,P-A-055,P,055,de,pokemon,tcgdex,2026-08-09 04:00:54.912+00
pokemon:tcgdex:P-A-055:es,P-A-055,P,055,es,pokemon,tcgdex,2026-08-09 04:01:10.149+00
pokemon:tcgdex:P-A-055:fr,P-A-055,P,055,fr,pokemon,tcgdex,2026-08-09 04:00:43.548+00
pokemon:tcgdex:P-A-055:it,P-A-055,P,055,it,pokemon,tcgdex,2026-08-09 04:01:04.263+00
pokemon:tcgdex:P-A-056:de,P-A-056,P,056,de,pokemon,tcgdex,2026-08-09 04:00:55.228+00
pokemon:tcgdex:P-A-056:es,P-A-056,P,056,es,pokemon,tcgdex,2026-08-09 04:01:10.266+00
pokemon:tcgdex:P-A-056:fr,P-A-056,P,056,fr,pokemon,tcgdex,2026-08-09 04:00:43.548+00
pokemon:tcgdex:P-A-056:it,P-A-056,P,056,it,pokemon,tcgdex,2026-08-09 04:01:04.263+00
pokemon:tcgdex:P-A-057:de,P-A-057,P,057,de,pokemon,tcgdex,2026-08-09 04:00:55.228+00
pokemon:tcgdex:P-A-057:es,P-A-057,P,057,es,pokemon,tcgdex,2026-08-09 04:01:10.266+00
pokemon:tcgdex:P-A-057:fr,P-A-057,P,057,fr,pokemon,tcgdex,2026-08-09 04:00:43.548+00
pokemon:tcgdex:P-A-057:it,P-A-057,P,057,it,pokemon,tcgdex,2026-08-09 04:01:04.263+00
pokemon:tcgdex:P-A-058:de,P-A-058,P,058,de,pokemon,tcgdex,2026-08-09 04:00:55.228+00
pokemon:tcgdex:P-A-058:es,P-A-058,P,058,es,pokemon,tcgdex,2026-08-09 04:01:10.266+00
pokemon:tcgdex:P-A-058:fr,P-A-058,P,058,fr,pokemon,tcgdex,2026-08-09 04:00:43.548+00
pokemon:tcgdex:P-A-058:it,P-A-058,P,058,it,pokemon,tcgdex,2026-08-09 04:01:04.263+00
pokemon:tcgdex:P-A-059:de,P-A-059,P,059,de,pokemon,tcgdex,2026-08-09 04:00:55.228+00
pokemon:tcgdex:P-A-059:es,P-A-059,P,059,es,pokemon,tcgdex,2026-08-09 04:01:10.266+00
pokemon:tcgdex:P-A-059:fr,P-A-059,P,059,fr,pokemon,tcgdex,2026-08-09 04:00:43.793+00
pokemon:tcgdex:P-A-059:it,P-A-059,P,059,it,pokemon,tcgdex,2026-08-09 04:01:04.263+00
pokemon:tcgdex:P-A-060:de,P-A-060,P,060,de,pokemon,tcgdex,2026-08-09 04:00:55.556+00
pokemon:tcgdex:P-A-060:es,P-A-060,P,060,es,pokemon,tcgdex,2026-08-09 04:01:10.267+00
pokemon:tcgdex:P-A-060:fr,P-A-060,P,060,fr,pokemon,tcgdex,2026-08-09 04:00:43.793+00
pokemon:tcgdex:P-A-060:it,P-A-060,P,060,it,pokemon,tcgdex,2026-08-09 04:01:04.263+00
pokemon:tcgdex:P-A-061:de,P-A-061,P,061,de,pokemon,tcgdex,2026-08-09 04:00:55.557+00
pokemon:tcgdex:P-A-061:es,P-A-061,P,061,es,pokemon,tcgdex,2026-08-09 04:01:10.267+00
pokemon:tcgdex:P-A-061:fr,P-A-061,P,061,fr,pokemon,tcgdex,2026-08-09 04:00:43.793+00
pokemon:tcgdex:P-A-061:it,P-A-061,P,061,it,pokemon,tcgdex,2026-08-09 04:01:04.411+00
pokemon:tcgdex:P-A-062:de,P-A-062,P,062,de,pokemon,tcgdex,2026-08-09 04:00:55.557+00
pokemon:tcgdex:P-A-062:es,P-A-062,P,062,es,pokemon,tcgdex,2026-08-09 04:01:10.369+00
pokemon:tcgdex:P-A-062:fr,P-A-062,P,062,fr,pokemon,tcgdex,2026-08-09 04:00:43.794+00
pokemon:tcgdex:P-A-062:it,P-A-062,P,062,it,pokemon,tcgdex,2026-08-09 04:01:04.411+00
pokemon:tcgdex:P-A-063:de,P-A-063,P,063,de,pokemon,tcgdex,2026-08-09 04:00:55.557+00
pokemon:tcgdex:P-A-063:es,P-A-063,P,063,es,pokemon,tcgdex,2026-08-09 04:01:10.369+00
pokemon:tcgdex:P-A-063:fr,P-A-063,P,063,fr,pokemon,tcgdex,2026-08-09 04:00:44.044+00
pokemon:tcgdex:P-A-063:it,P-A-063,P,063,it,pokemon,tcgdex,2026-08-09 04:01:04.411+00
pokemon:tcgdex:P-A-064:de,P-A-064,P,064,de,pokemon,tcgdex,2026-08-09 04:00:55.884+00
pokemon:tcgdex:P-A-064:es,P-A-064,P,064,es,pokemon,tcgdex,2026-08-09 04:01:10.369+00
pokemon:tcgdex:P-A-064:fr,P-A-064,P,064,fr,pokemon,tcgdex,2026-08-09 04:00:44.044+00
pokemon:tcgdex:P-A-064:it,P-A-064,P,064,it,pokemon,tcgdex,2026-08-09 04:01:04.411+00
pokemon:tcgdex:P-A-065:de,P-A-065,P,065,de,pokemon,tcgdex,2026-08-09 04:00:55.884+00
pokemon:tcgdex:P-A-065:es,P-A-065,P,065,es,pokemon,tcgdex,2026-08-09 04:01:10.369+00
pokemon:tcgdex:P-A-065:fr,P-A-065,P,065,fr,pokemon,tcgdex,2026-08-09 04:00:44.044+00
pokemon:tcgdex:P-A-065:it,P-A-065,P,065,it,pokemon,tcgdex,2026-08-09 04:01:04.411+00
pokemon:tcgdex:P-A-066:de,P-A-066,P,066,de,pokemon,tcgdex,2026-08-09 04:00:55.884+00
pokemon:tcgdex:P-A-066:es,P-A-066,P,066,es,pokemon,tcgdex,2026-08-09 04:01:10.369+00
pokemon:tcgdex:P-A-066:fr,P-A-066,P,066,fr,pokemon,tcgdex,2026-08-09 04:00:44.044+00
pokemon:tcgdex:P-A-066:it,P-A-066,P,066,it,pokemon,tcgdex,2026-08-09 04:01:04.411+00
pokemon:tcgdex:P-A-067:de,P-A-067,P,067,de,pokemon,tcgdex,2026-08-09 04:00:55.884+00
pokemon:tcgdex:P-A-067:es,P-A-067,P,067,es,pokemon,tcgdex,2026-08-09 04:01:10.369+00
pokemon:tcgdex:P-A-067:fr,P-A-067,P,067,fr,pokemon,tcgdex,2026-08-09 04:00:44.249+00
pokemon:tcgdex:P-A-067:it,P-A-067,P,067,it,pokemon,tcgdex,2026-08-09 04:01:04.549+00
pokemon:tcgdex:P-A-068:de,P-A-068,P,068,de,pokemon,tcgdex,2026-08-09 04:00:56.284+00
pokemon:tcgdex:P-A-068:es,P-A-068,P,068,es,pokemon,tcgdex,2026-08-09 04:01:10.528+00
pokemon:tcgdex:P-A-068:fr,P-A-068,P,068,fr,pokemon,tcgdex,2026-08-09 04:00:44.249+00
pokemon:tcgdex:P-A-068:it,P-A-068,P,068,it,pokemon,tcgdex,2026-08-09 04:01:04.549+00
pokemon:tcgdex:P-A-069:de,P-A-069,P,069,de,pokemon,tcgdex,2026-08-09 04:00:56.284+00
pokemon:tcgdex:P-A-069:es,P-A-069,P,069,es,pokemon,tcgdex,2026-08-09 04:01:10.528+00
pokemon:tcgdex:P-A-069:fr,P-A-069,P,069,fr,pokemon,tcgdex,2026-08-09 04:00:44.249+00
pokemon:tcgdex:P-A-069:it,P-A-069,P,069,it,pokemon,tcgdex,2026-08-09 04:01:04.549+00
pokemon:tcgdex:P-A-070:de,P-A-070,P,070,de,pokemon,tcgdex,2026-08-09 04:00:56.284+00
pokemon:tcgdex:P-A-070:es,P-A-070,P,070,es,pokemon,tcgdex,2026-08-09 04:01:10.528+00
pokemon:tcgdex:P-A-070:fr,P-A-070,P,070,fr,pokemon,tcgdex,2026-08-09 04:00:44.429+00
pokemon:tcgdex:P-A-070:it,P-A-070,P,070,it,pokemon,tcgdex,2026-08-09 04:01:04.549+00
pokemon:tcgdex:P-A-071:de,P-A-071,P,071,de,pokemon,tcgdex,2026-08-09 04:00:56.285+00
pokemon:tcgdex:P-A-071:es,P-A-071,P,071,es,pokemon,tcgdex,2026-08-09 04:01:10.528+00
pokemon:tcgdex:P-A-071:fr,P-A-071,P,071,fr,pokemon,tcgdex,2026-08-09 04:00:44.429+00
pokemon:tcgdex:P-A-071:it,P-A-071,P,071,it,pokemon,tcgdex,2026-08-09 04:01:04.549+00
pokemon:tcgdex:P-A-072:de,P-A-072,P,072,de,pokemon,tcgdex,2026-08-09 04:00:56.569+00
pokemon:tcgdex:P-A-072:es,P-A-072,P,072,es,pokemon,tcgdex,2026-08-09 04:01:10.529+00
pokemon:tcgdex:P-A-072:fr,P-A-072,P,072,fr,pokemon,tcgdex,2026-08-09 04:00:44.429+00
pokemon:tcgdex:P-A-072:it,P-A-072,P,072,it,pokemon,tcgdex,2026-08-09 04:01:04.549+00
pokemon:tcgdex:P-A-073:de,P-A-073,P,073,de,pokemon,tcgdex,2026-08-09 04:00:56.569+00
pokemon:tcgdex:P-A-073:es,P-A-073,P,073,es,pokemon,tcgdex,2026-08-09 04:01:10.529+00
pokemon:tcgdex:P-A-073:fr,P-A-073,P,073,fr,pokemon,tcgdex,2026-08-09 04:00:44.429+00
pokemon:tcgdex:P-A-073:it,P-A-073,P,073,it,pokemon,tcgdex,2026-08-09 04:01:04.688+00
pokemon:tcgdex:P-A-074:es,P-A-074,P,074,es,pokemon,tcgdex,2026-08-09 04:01:10.64+00
pokemon:tcgdex:P-A-075:es,P-A-075,P,075,es,pokemon,tcgdex,2026-08-09 04:01:10.641+00
pokemon:tcgdex:P-A-076:es,P-A-076,P,076,es,pokemon,tcgdex,2026-08-09 04:01:10.641+00
pokemon:tcgdex:P-A-077:es,P-A-077,P,077,es,pokemon,tcgdex,2026-08-09 04:01:10.641+00
pokemon:tcgdex:P-A-078:es,P-A-078,P,078,es,pokemon,tcgdex,2026-08-09 04:01:10.641+00
pokemon:tcgdex:P-A-079:es,P-A-079,P,079,es,pokemon,tcgdex,2026-08-09 04:01:10.641+00
pokemon:tcgdex:P-A-080:es,P-A-080,P,080,es,pokemon,tcgdex,2026-08-09 04:01:10.776+00
pokemon:tcgdex:P-A-081:es,P-A-081,P,081,es,pokemon,tcgdex,2026-08-09 04:01:10.776+00
pokemon:tcgdex:P-A-082:es,P-A-082,P,082,es,pokemon,tcgdex,2026-08-09 04:01:10.776+00
pokemon:tcgdex:P-A-083:es,P-A-083,P,083,es,pokemon,tcgdex,2026-08-09 04:01:10.776+00
pokemon:tcgdex:P-A-084:es,P-A-084,P,084,es,pokemon,tcgdex,2026-08-09 04:01:10.776+00
pokemon:tcgdex:P-A-085:es,P-A-085,P,085,es,pokemon,tcgdex,2026-08-09 04:01:10.776+00
pokemon:tcgdex:P-A-086:es,P-A-086,P,086,es,pokemon,tcgdex,2026-08-09 04:01:10.922+00
pokemon:tcgdex:P-A-087:es,P-A-087,P,087,es,pokemon,tcgdex,2026-08-09 04:01:10.922+00
pokemon:tcgdex:P-A-088:es,P-A-088,P,088,es,pokemon,tcgdex,2026-08-09 04:01:10.922+00
pokemon:tcgdex:P-A-089:es,P-A-089,P,089,es,pokemon,tcgdex,2026-08-09 04:01:10.922+00
pokemon:tcgdex:P-A-090:es,P-A-090,P,090,es,pokemon,tcgdex,2026-08-09 04:01:10.922+00
pokemon:tcgdex:P-A-091:es,P-A-091,P,091,es,pokemon,tcgdex,2026-08-09 04:01:10.922+00
pokemon:tcgdex:P-A-092:es,P-A-092,P,092,es,pokemon,tcgdex,2026-08-09 04:01:10.922+00
