id,source_id,set_id,card_number,lang,updated_at
pokemon:tcgdex:tk-bw-e-1:es,tk-bw-e-1,tk,1,es,2026-08-09 04:01:08.687+00
pokemon:tcgdex:tk-bw-e-1:fr,tk-bw-e-1,tk,1,fr,2026-08-09 04:00:38.354+00
pokemon:tcgdex:tk-bw-e-10:es,tk-bw-e-10,tk,10,es,2026-08-09 04:01:09.097+00
pokemon:tcgdex:tk-bw-e-10:fr,tk-bw-e-10,tk,10,fr,2026-08-09 04:00:40.246+00
pokemon:tcgdex:tk-bw-e-11:es,tk-bw-e-11,tk,11,es,2026-08-09 04:01:09.097+00
pokemon:tcgdex:tk-bw-e-11:fr,tk-bw-e-11,tk,11,fr,2026-08-09 04:00:40.246+00
pokemon:tcgdex:tk-bw-e-12:es,tk-bw-e-12,tk,12,es,2026-08-09 04:01:09.097+00
pokemon:tcgdex:tk-bw-e-12:fr,tk-bw-e-12,tk,12,fr,2026-08-09 04:00:40.612+00
pokemon:tcgdex:tk-bw-e-13:es,tk-bw-e-13,tk,13,es,2026-08-09 04:01:09.097+00
pokemon:tcgdex:tk-bw-e-13:fr,tk-bw-e-13,tk,13,fr,2026-08-09 04:00:40.612+00
pokemon:tcgdex:tk-bw-e-14:es,tk-bw-e-14,tk,14,es,2026-08-09 04:01:09.097+00
pokemon:tcgdex:tk-bw-e-14:fr,tk-bw-e-14,tk,14,fr,2026-08-09 04:00:40.612+00
pokemon:tcgdex:tk-bw-e-15:es,tk-bw-e-15,tk,15,es,2026-08-09 04:01:09.3+00
pokemon:tcgdex:tk-bw-e-15:fr,tk-bw-e-15,tk,15,fr,2026-08-09 04:00:40.942+00
pokemon:tcgdex:tk-bw-e-16:es,tk-bw-e-16,tk,16,es,2026-08-09 04:01:09.3+00
pokemon:tcgdex:tk-bw-e-16:fr,tk-bw-e-16,tk,16,fr,2026-08-09 04:00:40.942+00
pokemon:tcgdex:tk-bw-e-17:es,tk-bw-e-17,tk,17,es,2026-08-09 04:01:09.3+00
pokemon:tcgdex:tk-bw-e-17:fr,tk-bw-e-17,tk,17,fr,2026-08-09 04:00:40.942+00
pokemon:tcgdex:tk-bw-e-18:es,tk-bw-e-18,tk,18,es,2026-08-09 04:01:09.3+00
pokemon:tcgdex:tk-bw-e-18:fr,tk-bw-e-18,tk,18,fr,2026-08-09 04:00:41.223+00
pokemon:tcgdex:tk-bw-e-19:es,tk-bw-e-19,tk,19,es,2026-08-09 04:01:09.3+00
pokemon:tcgdex:tk-bw-e-19:fr,tk-bw-e-19,tk,19,fr,2026-08-09 04:00:41.223+00
pokemon:tcgdex:tk-bw-e-2:es,tk-bw-e-2,tk,2,es,2026-08-09 04:01:08.687+00
pokemon:tcgdex:tk-bw-e-2:fr,tk-bw-e-2,tk,2,fr,2026-08-09 04:00:38.354+00
pokemon:tcgdex:tk-bw-e-20:es,tk-bw-e-20,tk,20,es,2026-08-09 04:01:09.301+00
pokemon:tcgdex:tk-bw-e-20:fr,tk-bw-e-20,tk,20,fr,2026-08-09 04:00:41.223+00
pokemon:tcgdex:tk-bw-e-21:es,tk-bw-e-21,tk,21,es,2026-08-09 04:01:09.524+00
pokemon:tcgdex:tk-bw-e-21:fr,tk-bw-e-21,tk,21,fr,2026-08-09 04:00:41.223+00
pokemon:tcgdex:tk-bw-e-22:es,tk-bw-e-22,tk,22,es,2026-08-09 04:01:09.525+00
pokemon:tcgdex:tk-bw-e-22:fr,tk-bw-e-22,tk,22,fr,2026-08-09 04:00:41.483+00
pokemon:tcgdex:tk-bw-e-23:es,tk-bw-e-23,tk,23,es,2026-08-09 04:01:09.525+00
pokemon:tcgdex:tk-bw-e-23:fr,tk-bw-e-23,tk,23,fr,2026-08-09 04:00:41.483+00
pokemon:tcgdex:tk-bw-e-24:es,tk-bw-e-24,tk,24,es,2026-08-09 04:01:09.525+00
pokemon:tcgdex:tk-bw-e-24:fr,tk-bw-e-24,tk,24,fr,2026-08-09 04:00:41.483+00
pokemon:tcgdex:tk-bw-e-25:es,tk-bw-e-25,tk,25,es,2026-08-09 04:01:09.525+00
pokemon:tcgdex:tk-bw-e-25:fr,tk-bw-e-25,tk,25,fr,2026-08-09 04:00:41.732+00
pokemon:tcgdex:tk-bw-e-26:es,tk-bw-e-26,tk,26,es,2026-08-09 04:01:09.685+00
pokemon:tcgdex:tk-bw-e-26:fr,tk-bw-e-26,tk,26,fr,2026-08-09 04:00:41.733+00
pokemon:tcgdex:tk-bw-e-27:es,tk-bw-e-27,tk,27,es,2026-08-09 04:01:09.685+00
pokemon:tcgdex:tk-bw-e-27:fr,tk-bw-e-27,tk,27,fr,2026-08-09 04:00:41.733+00
pokemon:tcgdex:tk-bw-e-28:es,tk-bw-e-28,tk,28,es,2026-08-09 04:01:09.685+00
pokemon:tcgdex:tk-bw-e-28:fr,tk-bw-e-28,tk,28,fr,2026-08-09 04:00:41.966+00
pokemon:tcgdex:tk-bw-e-29:es,tk-bw-e-29,tk,29,es,2026-08-09 04:01:09.686+00
pokemon:tcgdex:tk-bw-e-29:fr,tk-bw-e-29,tk,29,fr,2026-08-09 04:00:41.966+00
pokemon:tcgdex:tk-bw-e-3:es,tk-bw-e-3,tk,3,es,2026-08-09 04:01:08.687+00
pokemon:tcgdex:tk-bw-e-3:fr,tk-bw-e-3,tk,3,fr,2026-08-09 04:00:39.161+00
pokemon:tcgdex:tk-bw-e-30:es,tk-bw-e-30,tk,30,es,2026-08-09 04:01:09.686+00
pokemon:tcgdex:tk-bw-e-30:fr,tk-bw-e-30,tk,30,fr,2026-08-09 04:00:41.966+00
pokemon:tcgdex:tk-bw-e-4:es,tk-bw-e-4,tk,4,es,2026-08-09 04:01:08.687+00
pokemon:tcgdex:tk-bw-e-4:fr,tk-bw-e-4,tk,4,fr,2026-08-09 04:00:39.161+00
pokemon:tcgdex:tk-bw-e-5:es,tk-bw-e-5,tk,5,es,2026-08-09 04:01:08.913+00
pokemon:tcgdex:tk-bw-e-5:fr,tk-bw-e-5,tk,5,fr,2026-08-09 04:00:39.161+00
pokemon:tcgdex:tk-bw-e-6:es,tk-bw-e-6,tk,6,es,2026-08-09 04:01:08.913+00
pokemon:tcgdex:tk-bw-e-6:fr,tk-bw-e-6,tk,6,fr,2026-08-09 04:00:39.791+00
pokemon:tcgdex:tk-bw-e-7:es,tk-bw-e-7,tk,7,es,2026-08-09 04:01:08.914+00
pokemon:tcgdex:tk-bw-e-7:fr,tk-bw-e-7,tk,7,fr,2026-08-09 04:00:39.792+00
pokemon:tcgdex:tk-bw-e-8:es,tk-bw-e-8,tk,8,es,2026-08-09 04:01:08.914+00
pokemon:tcgdex:tk-bw-e-8:fr,tk-bw-e-8,tk,8,fr,2026-08-09 04:00:39.792+00
pokemon:tcgdex:tk-bw-e-9:es,tk-bw-e-9,tk,9,es,2026-08-09 04:01:08.914+00
pokemon:tcgdex:tk-bw-e-9:fr,tk-bw-e-9,tk,9,fr,2026-08-09 04:00:40.245+00
pokemon:tcgdex:tk-bw-z-1:es,tk-bw-z-1,tk,1,es,2026-08-09 04:01:08.686+00
pokemon:tcgdex:tk-bw-z-1:fr,tk-bw-z-1,tk,1,fr,2026-08-09 04:00:38.354+00
pokemon:tcgdex:tk-bw-z-10:es,tk-bw-z-10,tk,10,es,2026-08-09 04:01:08.914+00
pokemon:tcgdex:tk-bw-z-10:fr,tk-bw-z-10,tk,10,fr,2026-08-09 04:00:40.246+00
pokemon:tcgdex:tk-bw-z-11:es,tk-bw-z-11,tk,11,es,2026-08-09 04:01:09.097+00
pokemon:tcgdex:tk-bw-z-11:fr,tk-bw-z-11,tk,11,fr,2026-08-09 04:00:40.246+00
pokemon:tcgdex:tk-bw-z-12:es,tk-bw-z-12,tk,12,es,2026-08-09 04:01:09.097+00
pokemon:tcgdex:tk-bw-z-12:fr,tk-bw-z-12,tk,12,fr,2026-08-09 04:00:40.612+00
pokemon:tcgdex:tk-bw-z-13:es,tk-bw-z-13,tk,13,es,2026-08-09 04:01:09.097+00
pokemon:tcgdex:tk-bw-z-13:fr,tk-bw-z-13,tk,13,fr,2026-08-09 04:00:40.612+00
pokemon:tcgdex:tk-bw-z-14:es,tk-bw-z-14,tk,14,es,2026-08-09 04:01:09.097+00
pokemon:tcgdex:tk-bw-z-14:fr,tk-bw-z-14,tk,14,fr,2026-08-09 04:00:40.612+00
pokemon:tcgdex:tk-bw-z-15:es,tk-bw-z-15,tk,15,es,2026-08-09 04:01:09.097+00
pokemon:tcgdex:tk-bw-z-15:fr,tk-bw-z-15,tk,15,fr,2026-08-09 04:00:40.942+00
pokemon:tcgdex:tk-bw-z-16:es,tk-bw-z-16,tk,16,es,2026-08-09 04:01:09.3+00
pokemon:tcgdex:tk-bw-z-16:fr,tk-bw-z-16,tk,16,fr,2026-08-09 04:00:40.942+00
pokemon:tcgdex:tk-bw-z-17:es,tk-bw-z-17,tk,17,es,2026-08-09 04:01:09.3+00
pokemon:tcgdex:tk-bw-z-17:fr,tk-bw-z-17,tk,17,fr,2026-08-09 04:00:40.942+00
pokemon:tcgdex:tk-bw-z-18:es,tk-bw-z-18,tk,18,es,2026-08-09 04:01:09.3+00
pokemon:tcgdex:tk-bw-z-18:fr,tk-bw-z-18,tk,18,fr,2026-08-09 04:00:40.942+00
pokemon:tcgdex:tk-bw-z-19:es,tk-bw-z-19,tk,19,es,2026-08-09 04:01:09.3+00
pokemon:tcgdex:tk-bw-z-19:fr,tk-bw-z-19,tk,19,fr,2026-08-09 04:00:41.223+00
pokemon:tcgdex:tk-bw-z-2:es,tk-bw-z-2,tk,2,es,2026-08-09 04:01:08.687+00
pokemon:tcgdex:tk-bw-z-2:fr,tk-bw-z-2,tk,2,fr,2026-08-09 04:00:38.354+00
pokemon:tcgdex:tk-bw-z-20:es,tk-bw-z-20,tk,20,es,2026-08-09 04:01:09.301+00
pokemon:tcgdex:tk-bw-z-20:fr,tk-bw-z-20,tk,20,fr,2026-08-09 04:00:41.223+00
pokemon:tcgdex:tk-bw-z-21:es,tk-bw-z-21,tk,21,es,2026-08-09 04:01:09.524+00
pokemon:tcgdex:tk-bw-z-21:fr,tk-bw-z-21,tk,21,fr,2026-08-09 04:00:41.223+00
pokemon:tcgdex:tk-bw-z-22:es,tk-bw-z-22,tk,22,es,2026-08-09 04:01:09.524+00
pokemon:tcgdex:tk-bw-z-22:fr,tk-bw-z-22,tk,22,fr,2026-08-09 04:00:41.483+00
pokemon:tcgdex:tk-bw-z-23:es,tk-bw-z-23,tk,23,es,2026-08-09 04:01:09.525+00
pokemon:tcgdex:tk-bw-z-23:fr,tk-bw-z-23,tk,23,fr,2026-08-09 04:00:41.483+00
pokemon:tcgdex:tk-bw-z-24:es,tk-bw-z-24,tk,24,es,2026-08-09 04:01:09.525+00
pokemon:tcgdex:tk-bw-z-24:fr,tk-bw-z-24,tk,24,fr,2026-08-09 04:00:41.483+00
pokemon:tcgdex:tk-bw-z-25:es,tk-bw-z-25,tk,25,es,2026-08-09 04:01:09.525+00
pokemon:tcgdex:tk-bw-z-25:fr,tk-bw-z-25,tk,25,fr,2026-08-09 04:00:41.732+00
pokemon:tcgdex:tk-bw-z-26:es,tk-bw-z-26,tk,26,es,2026-08-09 04:01:09.685+00
pokemon:tcgdex:tk-bw-z-26:fr,tk-bw-z-26,tk,26,fr,2026-08-09 04:00:41.733+00
pokemon:tcgdex:tk-bw-z-27:es,tk-bw-z-27,tk,27,es,2026-08-09 04:01:09.685+00
pokemon:tcgdex:tk-bw-z-27:fr,tk-bw-z-27,tk,27,fr,2026-08-09 04:00:41.733+00
pokemon:tcgdex:tk-bw-z-28:es,tk-bw-z-28,tk,28,es,2026-08-09 04:01:09.685+00
pokemon:tcgdex:tk-bw-z-28:fr,tk-bw-z-28,tk,28,fr,2026-08-09 04:00:41.733+00
pokemon:tcgdex:tk-bw-z-29:es,tk-bw-z-29,tk,29,es,2026-08-09 04:01:09.686+00
pokemon:tcgdex:tk-bw-z-29:fr,tk-bw-z-29,tk,29,fr,2026-08-09 04:00:41.966+00
pokemon:tcgdex:tk-bw-z-3:es,tk-bw-z-3,tk,3,es,2026-08-09 04:01:08.687+00
pokemon:tcgdex:tk-bw-z-3:fr,tk-bw-z-3,tk,3,fr,2026-08-09 04:00:38.354+00
pokemon:tcgdex:tk-bw-z-30:es,tk-bw-z-30,tk,30,es,2026-08-09 04:01:09.686+00
pokemon:tcgdex:tk-bw-z-30:fr,tk-bw-z-30,tk,30,fr,2026-08-09 04:00:41.966+00
pokemon:tcgdex:tk-bw-z-4:es,tk-bw-z-4,tk,4,es,2026-08-09 04:01:08.687+00
pokemon:tcgdex:tk-bw-z-4:fr,tk-bw-z-4,tk,4,fr,2026-08-09 04:00:39.161+00
pokemon:tcgdex:tk-bw-z-5:es,tk-bw-z-5,tk,5,es,2026-08-09 04:01:08.687+00
pokemon:tcgdex:tk-bw-z-5:fr,tk-bw-z-5,tk,5,fr,2026-08-09 04:00:39.161+00
pokemon:tcgdex:tk-bw-z-6:es,tk-bw-z-6,tk,6,es,2026-08-09 04:01:08.913+00
pokemon:tcgdex:tk-bw-z-6:fr,tk-bw-z-6,tk,6,fr,2026-08-09 04:00:39.791+00
pokemon:tcgdex:tk-bw-z-7:es,tk-bw-z-7,tk,7,es,2026-08-09 04:01:08.914+00
pokemon:tcgdex:tk-bw-z-7:fr,tk-bw-z-7,tk,7,fr,2026-08-09 04:00:39.792+00
pokemon:tcgdex:tk-bw-z-8:es,tk-bw-z-8,tk,8,es,2026-08-09 04:01:08.914+00
pokemon:tcgdex:tk-bw-z-8:fr,tk-bw-z-8,tk,8,fr,2026-08-09 04:00:39.792+00
pokemon:tcgdex:tk-bw-z-9:es,tk-bw-z-9,tk,9,es,2026-08-09 04:01:08.914+00
pokemon:tcgdex:tk-bw-z-9:fr,tk-bw-z-9,tk,9,fr,2026-08-09 04:00:40.245+00
pokemon:tcgdex:tk-dp-l-1:fr,tk-dp-l-1,tk,1,fr,2026-08-09 04:00:38.354+00
pokemon:tcgdex:tk-dp-l-10:fr,tk-dp-l-10,tk,10,fr,2026-08-09 04:00:40.246+00
pokemon:tcgdex:tk-dp-l-11:fr,tk-dp-l-11,tk,11,fr,2026-08-09 04:00:40.246+00
pokemon:tcgdex:tk-dp-l-2:fr,tk-dp-l-2,tk,2,fr,2026-08-09 04:00:38.354+00
pokemon:tcgdex:tk-dp-l-3:fr,tk-dp-l-3,tk,3,fr,2026-08-09 04:00:38.354+00
pokemon:tcgdex:tk-dp-l-4:fr,tk-dp-l-4,tk,4,fr,2026-08-09 04:00:39.161+00
pokemon:tcgdex:tk-dp-l-5:fr,tk-dp-l-5,tk,5,fr,2026-08-09 04:00:39.161+00
pokemon:tcgdex:tk-dp-l-6:fr,tk-dp-l-6,tk,6,fr,2026-08-09 04:00:39.791+00
pokemon:tcgdex:tk-dp-l-7:fr,tk-dp-l-7,tk,7,fr,2026-08-09 04:00:39.792+00
pokemon:tcgdex:tk-dp-l-8:fr,tk-dp-l-8,tk,8,fr,2026-08-09 04:00:39.792+00
pokemon:tcgdex:tk-dp-l-9:fr,tk-dp-l-9,tk,9,fr,2026-08-09 04:00:40.245+00
pokemon:tcgdex:tk-dp-m-1:fr,tk-dp-m-1,tk,1,fr,2026-08-09 04:00:38.354+00
pokemon:tcgdex:tk-dp-m-10:fr,tk-dp-m-10,tk,10,fr,2026-08-09 04:00:40.246+00
pokemon:tcgdex:tk-dp-m-11:fr,tk-dp-m-11,tk,11,fr,2026-08-09 04:00:40.246+00
pokemon:tcgdex:tk-dp-m-12:fr,tk-dp-m-12,tk,12,fr,2026-08-09 04:00:40.612+00
pokemon:tcgdex:tk-dp-m-2:fr,tk-dp-m-2,tk,2,fr,2026-08-09 04:00:38.354+00
pokemon:tcgdex:tk-dp-m-3:fr,tk-dp-m-3,tk,3,fr,2026-08-09 04:00:39.161+00
pokemon:tcgdex:tk-dp-m-4:fr,tk-dp-m-4,tk,4,fr,2026-08-09 04:00:39.161+00
pokemon:tcgdex:tk-dp-m-5:fr,tk-dp-m-5,tk,5,fr,2026-08-09 04:00:39.161+00
pokemon:tcgdex:tk-dp-m-6:fr,tk-dp-m-6,tk,6,fr,2026-08-09 04:00:39.791+00
pokemon:tcgdex:tk-dp-m-7:fr,tk-dp-m-7,tk,7,fr,2026-08-09 04:00:39.792+00
pokemon:tcgdex:tk-dp-m-8:fr,tk-dp-m-8,tk,8,fr,2026-08-09 04:00:39.792+00
pokemon:tcgdex:tk-dp-m-9:fr,tk-dp-m-9,tk,9,fr,2026-08-09 04:00:40.245+00
pokemon:tcgdex:tk-ex-latia-1:fr,tk-ex-latia-1,tk,1,fr,2026-08-09 04:00:38.354+00
pokemon:tcgdex:tk-ex-latia-10:fr,tk-ex-latia-10,tk,10,fr,2026-08-09 04:00:40.246+00
pokemon:tcgdex:tk-ex-latia-2:fr,tk-ex-latia-2,tk,2,fr,2026-08-09 04:00:38.354+00
pokemon:tcgdex:tk-ex-latia-3:fr,tk-ex-latia-3,tk,3,fr,2026-08-09 04:00:38.354+00
pokemon:tcgdex:tk-ex-latia-4:fr,tk-ex-latia-4,tk,4,fr,2026-08-09 04:00:39.161+00
pokemon:tcgdex:tk-ex-latia-5:fr,tk-ex-latia-5,tk,5,fr,2026-08-09 04:00:39.161+00
pokemon:tcgdex:tk-ex-latia-6:fr,tk-ex-latia-6,tk,6,fr,2026-08-09 04:00:39.791+00
pokemon:tcgdex:tk-ex-latia-7:fr,tk-ex-latia-7,tk,7,fr,2026-08-09 04:00:39.792+00
pokemon:tcgdex:tk-ex-latia-8:fr,tk-ex-latia-8,tk,8,fr,2026-08-09 04:00:39.792+00
pokemon:tcgdex:tk-ex-latia-9:fr,tk-ex-latia-9,tk,9,fr,2026-08-09 04:00:40.245+00
pokemon:tcgdex:tk-ex-latio-1:fr,tk-ex-latio-1,tk,1,fr,2026-08-09 04:00:38.354+00
pokemon:tcgdex:tk-ex-latio-10:fr,tk-ex-latio-10,tk,10,fr,2026-08-09 04:00:40.246+00
pokemon:tcgdex:tk-ex-latio-2:fr,tk-ex-latio-2,tk,2,fr,2026-08-09 04:00:38.354+00
pokemon:tcgdex:tk-ex-latio-3:fr,tk-ex-latio-3,tk,3,fr,2026-08-09 04:00:38.354+00
pokemon:tcgdex:tk-ex-latio-4:fr,tk-ex-latio-4,tk,4,fr,2026-08-09 04:00:39.161+00
pokemon:tcgdex:tk-ex-latio-5:fr,tk-ex-latio-5,tk,5,fr,2026-08-09 04:00:39.161+00
pokemon:tcgdex:tk-ex-latio-6:fr,tk-ex-latio-6,tk,6,fr,2026-08-09 04:00:39.791+00
pokemon:tcgdex:tk-ex-latio-7:fr,tk-ex-latio-7,tk,7,fr,2026-08-09 04:00:39.792+00
pokemon:tcgdex:tk-ex-latio-8:fr,tk-ex-latio-8,tk,8,fr,2026-08-09 04:00:39.792+00
pokemon:tcgdex:tk-ex-latio-9:fr,tk-ex-latio-9,tk,9,fr,2026-08-09 04:00:40.245+00
pokemon:tcgdex:tk-ex-m-1:fr,tk-ex-m-1,tk,1,fr,2026-08-09 04:00:38.354+00
pokemon:tcgdex:tk-ex-m-10:fr,tk-ex-m-10,tk,10,fr,2026-08-09 04:00:40.246+00
pokemon:tcgdex:tk-ex-m-11:fr,tk-ex-m-11,tk,11,fr,2026-08-09 04:00:40.246+00
pokemon:tcgdex:tk-ex-m-12:fr,tk-ex-m-12,tk,12,fr,2026-08-09 04:00:40.612+00
pokemon:tcgdex:tk-ex-m-2:fr,tk-ex-m-2,tk,2,fr,2026-08-09 04:00:38.354+00
pokemon:tcgdex:tk-ex-m-3:fr,tk-ex-m-3,tk,3,fr,2026-08-09 04:00:39.161+00
pokemon:tcgdex:tk-ex-m-4:fr,tk-ex-m-4,tk,4,fr,2026-08-09 04:00:39.161+00
pokemon:tcgdex:tk-ex-m-5:fr,tk-ex-m-5,tk,5,fr,2026-08-09 04:00:39.161+00
pokemon:tcgdex:tk-ex-m-6:fr,tk-ex-m-6,tk,6,fr,2026-08-09 04:00:39.791+00
pokemon:tcgdex:tk-ex-m-7:fr,tk-ex-m-7,tk,7,fr,2026-08-09 04:00:39.792+00
pokemon:tcgdex:tk-ex-m-8:fr,tk-ex-m-8,tk,8,fr,2026-08-09 04:00:39.792+00
pokemon:tcgdex:tk-ex-m-9:fr,tk-ex-m-9,tk,9,fr,2026-08-09 04:00:40.245+00
pokemon:tcgdex:tk-ex-p-1:fr,tk-ex-p-1,tk,1,fr,2026-08-09 04:00:38.354+00
pokemon:tcgdex:tk-ex-p-10:fr,tk-ex-p-10,tk,10,fr,2026-08-09 04:00:40.246+00
pokemon:tcgdex:tk-ex-p-11:fr,tk-ex-p-11,tk,11,fr,2026-08-09 04:00:40.246+00
pokemon:tcgdex:tk-ex-p-12:fr,tk-ex-p-12,tk,12,fr,2026-08-09 04:00:40.612+00
pokemon:tcgdex:tk-ex-p-2:fr,tk-ex-p-2,tk,2,fr,2026-08-09 04:00:38.354+00
pokemon:tcgdex:tk-ex-p-3:fr,tk-ex-p-3,tk,3,fr,2026-08-09 04:00:39.161+00
pokemon:tcgdex:tk-ex-p-4:fr,tk-ex-p-4,tk,4,fr,2026-08-09 04:00:39.161+00
pokemon:tcgdex:tk-ex-p-5:fr,tk-ex-p-5,tk,5,fr,2026-08-09 04:00:39.161+00
pokemon:tcgdex:tk-ex-p-6:fr,tk-ex-p-6,tk,6,fr,2026-08-09 04:00:39.791+00
pokemon:tcgdex:tk-ex-p-7:fr,tk-ex-p-7,tk,7,fr,2026-08-09 04:00:39.792+00
pokemon:tcgdex:tk-ex-p-8:fr,tk-ex-p-8,tk,8,fr,2026-08-09 04:00:39.792+00
pokemon:tcgdex:tk-ex-p-9:fr,tk-ex-p-9,tk,9,fr,2026-08-09 04:00:40.245+00
pokemon:tcgdex:tk-hs-g-20:fr,tk-hs-g-20,tk,20,fr,2026-08-09 04:00:41.223+00
pokemon:tcgdex:tk-hs-r-19:fr,tk-hs-r-19,tk,19,fr,2026-08-09 04:00:41.223+00
pokemon:tcgdex:tk-sm-l-1:es,tk-sm-l-1,tk,1,es,2026-08-09 04:01:08.687+00
pokemon:tcgdex:tk-sm-l-1:fr,tk-sm-l-1,tk,1,fr,2026-08-09 04:00:38.354+00
pokemon:tcgdex:tk-sm-l-1:it,tk-sm-l-1,tk,1,it,2026-08-09 04:01:02.107+00
pokemon:tcgdex:tk-sm-l-11:es,tk-sm-l-11,tk,11,es,2026-08-09 04:01:09.097+00
pokemon:tcgdex:tk-sm-l-11:fr,tk-sm-l-11,tk,11,fr,2026-08-09 04:00:40.246+00
pokemon:tcgdex:tk-sm-l-11:it,tk-sm-l-11,tk,11,it,2026-08-09 04:01:02.613+00
pokemon:tcgdex:tk-sm-l-12:es,tk-sm-l-12,tk,12,es,2026-08-09 04:01:09.097+00
pokemon:tcgdex:tk-sm-l-12:fr,tk-sm-l-12,tk,12,fr,2026-08-09 04:00:40.612+00
pokemon:tcgdex:tk-sm-l-12:it,tk-sm-l-12,tk,12,it,2026-08-09 04:01:02.613+00
pokemon:tcgdex:tk-sm-l-13:es,tk-sm-l-13,tk,13,es,2026-08-09 04:01:09.097+00
pokemon:tcgdex:tk-sm-l-13:fr,tk-sm-l-13,tk,13,fr,2026-08-09 04:00:40.612+00
pokemon:tcgdex:tk-sm-l-13:it,tk-sm-l-13,tk,13,it,2026-08-09 04:01:02.613+00
pokemon:tcgdex:tk-sm-l-14:es,tk-sm-l-14,tk,14,es,2026-08-09 04:01:09.097+00
pokemon:tcgdex:tk-sm-l-14:fr,tk-sm-l-14,tk,14,fr,2026-08-09 04:00:40.612+00
pokemon:tcgdex:tk-sm-l-14:it,tk-sm-l-14,tk,14,it,2026-08-09 04:01:02.614+00
pokemon:tcgdex:tk-sm-l-15:es,tk-sm-l-15,tk,15,es,2026-08-09 04:01:09.3+00
pokemon:tcgdex:tk-sm-l-15:fr,tk-sm-l-15,tk,15,fr,2026-08-09 04:00:40.942+00
pokemon:tcgdex:tk-sm-l-15:it,tk-sm-l-15,tk,15,it,2026-08-09 04:01:02.811+00
pokemon:tcgdex:tk-sm-l-16:es,tk-sm-l-16,tk,16,es,2026-08-09 04:01:09.3+00
pokemon:tcgdex:tk-sm-l-16:fr,tk-sm-l-16,tk,16,fr,2026-08-09 04:00:40.942+00
pokemon:tcgdex:tk-sm-l-16:it,tk-sm-l-16,tk,16,it,2026-08-09 04:01:02.811+00
pokemon:tcgdex:tk-sm-l-18:es,tk-sm-l-18,tk,18,es,2026-08-09 04:01:09.3+00
pokemon:tcgdex:tk-sm-l-18:fr,tk-sm-l-18,tk,18,fr,2026-08-09 04:00:41.223+00
pokemon:tcgdex:tk-sm-l-18:it,tk-sm-l-18,tk,18,it,2026-08-09 04:01:02.811+00
pokemon:tcgdex:tk-sm-l-19:es,tk-sm-l-19,tk,19,es,2026-08-09 04:01:09.3+00
pokemon:tcgdex:tk-sm-l-19:fr,tk-sm-l-19,tk,19,fr,2026-08-09 04:00:41.223+00
pokemon:tcgdex:tk-sm-l-19:it,tk-sm-l-19,tk,19,it,2026-08-09 04:01:02.811+00
pokemon:tcgdex:tk-sm-l-21:es,tk-sm-l-21,tk,21,es,2026-08-09 04:01:09.524+00
pokemon:tcgdex:tk-sm-l-21:fr,tk-sm-l-21,tk,21,fr,2026-08-09 04:00:41.223+00
pokemon:tcgdex:tk-sm-l-21:it,tk-sm-l-21,tk,21,it,2026-08-09 04:01:03.037+00
pokemon:tcgdex:tk-sm-l-22:es,tk-sm-l-22,tk,22,es,2026-08-09 04:01:09.525+00
pokemon:tcgdex:tk-sm-l-22:fr,tk-sm-l-22,tk,22,fr,2026-08-09 04:00:41.483+00
pokemon:tcgdex:tk-sm-l-22:it,tk-sm-l-22,tk,22,it,2026-08-09 04:01:03.037+00
pokemon:tcgdex:tk-sm-l-23:es,tk-sm-l-23,tk,23,es,2026-08-09 04:01:09.525+00
pokemon:tcgdex:tk-sm-l-23:fr,tk-sm-l-23,tk,23,fr,2026-08-09 04:00:41.483+00
pokemon:tcgdex:tk-sm-l-23:it,tk-sm-l-23,tk,23,it,2026-08-09 04:01:03.037+00
pokemon:tcgdex:tk-sm-l-25:es,tk-sm-l-25,tk,25,es,2026-08-09 04:01:09.525+00
pokemon:tcgdex:tk-sm-l-25:fr,tk-sm-l-25,tk,25,fr,2026-08-09 04:00:41.732+00
pokemon:tcgdex:tk-sm-l-25:it,tk-sm-l-25,tk,25,it,2026-08-09 04:01:03.038+00
pokemon:tcgdex:tk-sm-l-27:es,tk-sm-l-27,tk,27,es,2026-08-09 04:01:09.685+00
pokemon:tcgdex:tk-sm-l-27:fr,tk-sm-l-27,tk,27,fr,2026-08-09 04:00:41.733+00
pokemon:tcgdex:tk-sm-l-27:it,tk-sm-l-27,tk,27,it,2026-08-09 04:01:03.21+00
pokemon:tcgdex:tk-sm-l-29:es,tk-sm-l-29,tk,29,es,2026-08-09 04:01:09.686+00
pokemon:tcgdex:tk-sm-l-29:fr,tk-sm-l-29,tk,29,fr,2026-08-09 04:00:41.966+00
pokemon:tcgdex:tk-sm-l-29:it,tk-sm-l-29,tk,29,it,2026-08-09 04:01:03.21+00
pokemon:tcgdex:tk-sm-l-30:es,tk-sm-l-30,tk,30,es,2026-08-09 04:01:09.686+00
pokemon:tcgdex:tk-sm-l-30:fr,tk-sm-l-30,tk,30,fr,2026-08-09 04:00:41.966+00
pokemon:tcgdex:tk-sm-l-30:it,tk-sm-l-30,tk,30,it,2026-08-09 04:01:03.21+00
pokemon:tcgdex:tk-sm-l-4:es,tk-sm-l-4,tk,4,es,2026-08-09 04:01:08.687+00
pokemon:tcgdex:tk-sm-l-4:fr,tk-sm-l-4,tk,4,fr,2026-08-09 04:00:39.161+00
pokemon:tcgdex:tk-sm-l-4:it,tk-sm-l-4,tk,4,it,2026-08-09 04:01:02.108+00
pokemon:tcgdex:tk-sm-l-5:es,tk-sm-l-5,tk,5,es,2026-08-09 04:01:08.913+00
pokemon:tcgdex:tk-sm-l-5:fr,tk-sm-l-5,tk,5,fr,2026-08-09 04:00:39.161+00
pokemon:tcgdex:tk-sm-l-5:it,tk-sm-l-5,tk,5,it,2026-08-09 04:01:02.409+00
pokemon:tcgdex:tk-sm-r-11:es,tk-sm-r-11,tk,11,es,2026-08-09 04:01:09.097+00
pokemon:tcgdex:tk-sm-r-11:fr,tk-sm-r-11,tk,11,fr,2026-08-09 04:00:40.246+00
pokemon:tcgdex:tk-sm-r-11:it,tk-sm-r-11,tk,11,it,2026-08-09 04:01:02.613+00
pokemon:tcgdex:tk-sm-r-13:es,tk-sm-r-13,tk,13,es,2026-08-09 04:01:09.097+00
pokemon:tcgdex:tk-sm-r-13:fr,tk-sm-r-13,tk,13,fr,2026-08-09 04:00:40.612+00
pokemon:tcgdex:tk-sm-r-13:it,tk-sm-r-13,tk,13,it,2026-08-09 04:01:02.613+00
pokemon:tcgdex:tk-sm-r-14:es,tk-sm-r-14,tk,14,es,2026-08-09 04:01:09.097+00
pokemon:tcgdex:tk-sm-r-14:fr,tk-sm-r-14,tk,14,fr,2026-08-09 04:00:40.612+00
pokemon:tcgdex:tk-sm-r-14:it,tk-sm-r-14,tk,14,it,2026-08-09 04:01:02.614+00
pokemon:tcgdex:tk-sm-r-15:es,tk-sm-r-15,tk,15,es,2026-08-09 04:01:09.097+00
pokemon:tcgdex:tk-sm-r-15:fr,tk-sm-r-15,tk,15,fr,2026-08-09 04:00:40.942+00
pokemon:tcgdex:tk-sm-r-15:it,tk-sm-r-15,tk,15,it,2026-08-09 04:01:02.614+00
pokemon:tcgdex:tk-sm-r-16:es,tk-sm-r-16,tk,16,es,2026-08-09 04:01:09.3+00
pokemon:tcgdex:tk-sm-r-16:fr,tk-sm-r-16,tk,16,fr,2026-08-09 04:00:40.942+00
pokemon:tcgdex:tk-sm-r-16:it,tk-sm-r-16,tk,16,it,2026-08-09 04:01:02.811+00
pokemon:tcgdex:tk-sm-r-17:es,tk-sm-r-17,tk,17,es,2026-08-09 04:01:09.3+00
pokemon:tcgdex:tk-sm-r-17:fr,tk-sm-r-17,tk,17,fr,2026-08-09 04:00:40.942+00
pokemon:tcgdex:tk-sm-r-17:it,tk-sm-r-17,tk,17,it,2026-08-09 04:01:02.811+00
pokemon:tcgdex:tk-sm-r-18:es,tk-sm-r-18,tk,18,es,2026-08-09 04:01:09.3+00
pokemon:tcgdex:tk-sm-r-18:fr,tk-sm-r-18,tk,18,fr,2026-08-09 04:00:41.223+00
pokemon:tcgdex:tk-sm-r-18:it,tk-sm-r-18,tk,18,it,2026-08-09 04:01:02.811+00
pokemon:tcgdex:tk-sm-r-19:es,tk-sm-r-19,tk,19,es,2026-08-09 04:01:09.3+00
pokemon:tcgdex:tk-sm-r-19:fr,tk-sm-r-19,tk,19,fr,2026-08-09 04:00:41.223+00
pokemon:tcgdex:tk-sm-r-19:it,tk-sm-r-19,tk,19,it,2026-08-09 04:01:02.811+00
pokemon:tcgdex:tk-sm-r-2:es,tk-sm-r-2,tk,2,es,2026-08-09 04:01:08.687+00
pokemon:tcgdex:tk-sm-r-2:fr,tk-sm-r-2,tk,2,fr,2026-08-09 04:00:38.354+00
pokemon:tcgdex:tk-sm-r-2:it,tk-sm-r-2,tk,2,it,2026-08-09 04:01:02.107+00
pokemon:tcgdex:tk-sm-r-20:es,tk-sm-r-20,tk,20,es,2026-08-09 04:01:09.301+00
pokemon:tcgdex:tk-sm-r-20:fr,tk-sm-r-20,tk,20,fr,2026-08-09 04:00:41.223+00
pokemon:tcgdex:tk-sm-r-20:it,tk-sm-r-20,tk,20,it,2026-08-09 04:01:02.812+00
pokemon:tcgdex:tk-sm-r-21:es,tk-sm-r-21,tk,21,es,2026-08-09 04:01:09.524+00
pokemon:tcgdex:tk-sm-r-21:fr,tk-sm-r-21,tk,21,fr,2026-08-09 04:00:41.223+00
pokemon:tcgdex:tk-sm-r-21:it,tk-sm-r-21,tk,21,it,2026-08-09 04:01:03.037+00
pokemon:tcgdex:tk-sm-r-22:es,tk-sm-r-22,tk,22,es,2026-08-09 04:01:09.524+00
pokemon:tcgdex:tk-sm-r-22:fr,tk-sm-r-22,tk,22,fr,2026-08-09 04:00:41.483+00
pokemon:tcgdex:tk-sm-r-22:it,tk-sm-r-22,tk,22,it,2026-08-09 04:01:03.037+00
pokemon:tcgdex:tk-sm-r-23:es,tk-sm-r-23,tk,23,es,2026-08-09 04:01:09.525+00
pokemon:tcgdex:tk-sm-r-23:fr,tk-sm-r-23,tk,23,fr,2026-08-09 04:00:41.483+00
pokemon:tcgdex:tk-sm-r-23:it,tk-sm-r-23,tk,23,it,2026-08-09 04:01:03.037+00
pokemon:tcgdex:tk-sm-r-25:es,tk-sm-r-25,tk,25,es,2026-08-09 04:01:09.525+00
pokemon:tcgdex:tk-sm-r-25:fr,tk-sm-r-25,tk,25,fr,2026-08-09 04:00:41.732+00
pokemon:tcgdex:tk-sm-r-25:it,tk-sm-r-25,tk,25,it,2026-08-09 04:01:03.038+00
pokemon:tcgdex:tk-sm-r-26:es,tk-sm-r-26,tk,26,es,2026-08-09 04:01:09.685+00
pokemon:tcgdex:tk-sm-r-26:fr,tk-sm-r-26,tk,26,fr,2026-08-09 04:00:41.733+00
pokemon:tcgdex:tk-sm-r-26:it,tk-sm-r-26,tk,26,it,2026-08-09 04:01:03.21+00
pokemon:tcgdex:tk-sm-r-29:es,tk-sm-r-29,tk,29,es,2026-08-09 04:01:09.686+00
pokemon:tcgdex:tk-sm-r-29:fr,tk-sm-r-29,tk,29,fr,2026-08-09 04:00:41.966+00
pokemon:tcgdex:tk-sm-r-29:it,tk-sm-r-29,tk,29,it,2026-08-09 04:01:03.21+00
pokemon:tcgdex:tk-sm-r-30:es,tk-sm-r-30,tk,30,es,2026-08-09 04:01:09.686+00
pokemon:tcgdex:tk-sm-r-30:fr,tk-sm-r-30,tk,30,fr,2026-08-09 04:00:41.966+00
pokemon:tcgdex:tk-sm-r-30:it,tk-sm-r-30,tk,30,it,2026-08-09 04:01:03.21+00
pokemon:tcgdex:tk-sm-r-4:es,tk-sm-r-4,tk,4,es,2026-08-09 04:01:08.687+00
pokemon:tcgdex:tk-sm-r-4:fr,tk-sm-r-4,tk,4,fr,2026-08-09 04:00:39.161+00
pokemon:tcgdex:tk-sm-r-4:it,tk-sm-r-4,tk,4,it,2026-08-09 04:01:02.108+00
pokemon:tcgdex:tk-sm-r-6:es,tk-sm-r-6,tk,6,es,2026-08-09 04:01:08.913+00
pokemon:tcgdex:tk-sm-r-6:fr,tk-sm-r-6,tk,6,fr,2026-08-09 04:00:39.791+00
pokemon:tcgdex:tk-sm-r-6:it,tk-sm-r-6,tk,6,it,2026-08-09 04:01:02.409+00
pokemon:tcgdex:tk-xy-b-1:es,tk-xy-b-1,tk,1,es,2026-08-09 04:01:08.686+00
pokemon:tcgdex:tk-xy-b-1:fr,tk-xy-b-1,tk,1,fr,2026-08-09 04:00:38.354+00
pokemon:tcgdex:tk-xy-b-1:it,tk-xy-b-1,tk,1,it,2026-08-09 04:01:02.107+00
pokemon:tcgdex:tk-xy-b-10:es,tk-xy-b-10,tk,10,es,2026-08-09 04:01:08.914+00
pokemon:tcgdex:tk-xy-b-10:fr,tk-xy-b-10,tk,10,fr,2026-08-09 04:00:40.246+00
pokemon:tcgdex:tk-xy-b-10:it,tk-xy-b-10,tk,10,it,2026-08-09 04:01:02.409+00
pokemon:tcgdex:tk-xy-b-11:es,tk-xy-b-11,tk,11,es,2026-08-09 04:01:09.097+00
pokemon:tcgdex:tk-xy-b-11:fr,tk-xy-b-11,tk,11,fr,2026-08-09 04:00:40.246+00
pokemon:tcgdex:tk-xy-b-11:it,tk-xy-b-11,tk,11,it,2026-08-09 04:01:02.613+00
pokemon:tcgdex:tk-xy-b-12:es,tk-xy-b-12,tk,12,es,2026-08-09 04:01:09.097+00
pokemon:tcgdex:tk-xy-b-12:fr,tk-xy-b-12,tk,12,fr,2026-08-09 04:00:40.612+00
pokemon:tcgdex:tk-xy-b-12:it,tk-xy-b-12,tk,12,it,2026-08-09 04:01:02.613+00
pokemon:tcgdex:tk-xy-b-13:es,tk-xy-b-13,tk,13,es,2026-08-09 04:01:09.097+00
pokemon:tcgdex:tk-xy-b-13:fr,tk-xy-b-13,tk,13,fr,2026-08-09 04:00:40.612+00
pokemon:tcgdex:tk-xy-b-13:it,tk-xy-b-13,tk,13,it,2026-08-09 04:01:02.613+00
pokemon:tcgdex:tk-xy-b-14:es,tk-xy-b-14,tk,14,es,2026-08-09 04:01:09.097+00
pokemon:tcgdex:tk-xy-b-14:fr,tk-xy-b-14,tk,14,fr,2026-08-09 04:00:40.612+00
pokemon:tcgdex:tk-xy-b-14:it,tk-xy-b-14,tk,14,it,2026-08-09 04:01:02.614+00
pokemon:tcgdex:tk-xy-b-15:es,tk-xy-b-15,tk,15,es,2026-08-09 04:01:09.097+00
pokemon:tcgdex:tk-xy-b-15:fr,tk-xy-b-15,tk,15,fr,2026-08-09 04:00:40.942+00
pokemon:tcgdex:tk-xy-b-15:it,tk-xy-b-15,tk,15,it,2026-08-09 04:01:02.614+00
pokemon:tcgdex:tk-xy-b-16:es,tk-xy-b-16,tk,16,es,2026-08-09 04:01:09.3+00
pokemon:tcgdex:tk-xy-b-16:fr,tk-xy-b-16,tk,16,fr,2026-08-09 04:00:40.942+00
pokemon:tcgdex:tk-xy-b-16:it,tk-xy-b-16,tk,16,it,2026-08-09 04:01:02.811+00
pokemon:tcgdex:tk-xy-b-17:es,tk-xy-b-17,tk,17,es,2026-08-09 04:01:09.3+00
pokemon:tcgdex:tk-xy-b-17:fr,tk-xy-b-17,tk,17,fr,2026-08-09 04:00:40.942+00
pokemon:tcgdex:tk-xy-b-17:it,tk-xy-b-17,tk,17,it,2026-08-09 04:01:02.811+00
pokemon:tcgdex:tk-xy-b-18:es,tk-xy-b-18,tk,18,es,2026-08-09 04:01:09.3+00
pokemon:tcgdex:tk-xy-b-18:fr,tk-xy-b-18,tk,18,fr,2026-08-09 04:00:40.942+00
pokemon:tcgdex:tk-xy-b-18:it,tk-xy-b-18,tk,18,it,2026-08-09 04:01:02.811+00
pokemon:tcgdex:tk-xy-b-19:es,tk-xy-b-19,tk,19,es,2026-08-09 04:01:09.3+00
pokemon:tcgdex:tk-xy-b-19:fr,tk-xy-b-19,tk,19,fr,2026-08-09 04:00:41.223+00
pokemon:tcgdex:tk-xy-b-19:it,tk-xy-b-19,tk,19,it,2026-08-09 04:01:02.811+00
pokemon:tcgdex:tk-xy-b-2:es,tk-xy-b-2,tk,2,es,2026-08-09 04:01:08.687+00
pokemon:tcgdex:tk-xy-b-2:fr,tk-xy-b-2,tk,2,fr,2026-08-09 04:00:38.354+00
pokemon:tcgdex:tk-xy-b-2:it,tk-xy-b-2,tk,2,it,2026-08-09 04:01:02.107+00
pokemon:tcgdex:tk-xy-b-20:es,tk-xy-b-20,tk,20,es,2026-08-09 04:01:09.301+00
pokemon:tcgdex:tk-xy-b-20:fr,tk-xy-b-20,tk,20,fr,2026-08-09 04:00:41.223+00
pokemon:tcgdex:tk-xy-b-20:it,tk-xy-b-20,tk,20,it,2026-08-09 04:01:02.812+00
pokemon:tcgdex:tk-xy-b-21:es,tk-xy-b-21,tk,21,es,2026-08-09 04:01:09.524+00
pokemon:tcgdex:tk-xy-b-21:fr,tk-xy-b-21,tk,21,fr,2026-08-09 04:00:41.223+00
pokemon:tcgdex:tk-xy-b-21:it,tk-xy-b-21,tk,21,it,2026-08-09 04:01:03.037+00
pokemon:tcgdex:tk-xy-b-22:es,tk-xy-b-22,tk,22,es,2026-08-09 04:01:09.524+00
pokemon:tcgdex:tk-xy-b-22:fr,tk-xy-b-22,tk,22,fr,2026-08-09 04:00:41.483+00
pokemon:tcgdex:tk-xy-b-22:it,tk-xy-b-22,tk,22,it,2026-08-09 04:01:03.037+00
pokemon:tcgdex:tk-xy-b-23:es,tk-xy-b-23,tk,23,es,2026-08-09 04:01:09.525+00
pokemon:tcgdex:tk-xy-b-23:fr,tk-xy-b-23,tk,23,fr,2026-08-09 04:00:41.483+00
pokemon:tcgdex:tk-xy-b-23:it,tk-xy-b-23,tk,23,it,2026-08-09 04:01:03.037+00
pokemon:tcgdex:tk-xy-b-24:es,tk-xy-b-24,tk,24,es,2026-08-09 04:01:09.525+00
pokemon:tcgdex:tk-xy-b-24:fr,tk-xy-b-24,tk,24,fr,2026-08-09 04:00:41.483+00
pokemon:tcgdex:tk-xy-b-24:it,tk-xy-b-24,tk,24,it,2026-08-09 04:01:03.037+00
pokemon:tcgdex:tk-xy-b-25:es,tk-xy-b-25,tk,25,es,2026-08-09 04:01:09.525+00
pokemon:tcgdex:tk-xy-b-25:fr,tk-xy-b-25,tk,25,fr,2026-08-09 04:00:41.732+00
pokemon:tcgdex:tk-xy-b-25:it,tk-xy-b-25,tk,25,it,2026-08-09 04:01:03.037+00
pokemon:tcgdex:tk-xy-b-26:es,tk-xy-b-26,tk,26,es,2026-08-09 04:01:09.685+00
pokemon:tcgdex:tk-xy-b-26:fr,tk-xy-b-26,tk,26,fr,2026-08-09 04:00:41.733+00
pokemon:tcgdex:tk-xy-b-26:it,tk-xy-b-26,tk,26,it,2026-08-09 04:01:03.21+00
pokemon:tcgdex:tk-xy-b-27:es,tk-xy-b-27,tk,27,es,2026-08-09 04:01:09.685+00
pokemon:tcgdex:tk-xy-b-27:fr,tk-xy-b-27,tk,27,fr,2026-08-09 04:00:41.733+00
pokemon:tcgdex:tk-xy-b-27:it,tk-xy-b-27,tk,27,it,2026-08-09 04:01:03.21+00
pokemon:tcgdex:tk-xy-b-28:es,tk-xy-b-28,tk,28,es,2026-08-09 04:01:09.685+00
pokemon:tcgdex:tk-xy-b-28:fr,tk-xy-b-28,tk,28,fr,2026-08-09 04:00:41.733+00
pokemon:tcgdex:tk-xy-b-28:it,tk-xy-b-28,tk,28,it,2026-08-09 04:01:03.21+00
pokemon:tcgdex:tk-xy-b-29:es,tk-xy-b-29,tk,29,es,2026-08-09 04:01:09.686+00
pokemon:tcgdex:tk-xy-b-29:fr,tk-xy-b-29,tk,29,fr,2026-08-09 04:00:41.966+00
pokemon:tcgdex:tk-xy-b-29:it,tk-xy-b-29,tk,29,it,2026-08-09 04:01:03.21+00
pokemon:tcgdex:tk-xy-b-3:es,tk-xy-b-3,tk,3,es,2026-08-09 04:01:08.687+00
pokemon:tcgdex:tk-xy-b-3:fr,tk-xy-b-3,tk,3,fr,2026-08-09 04:00:38.354+00
pokemon:tcgdex:tk-xy-b-3:it,tk-xy-b-3,tk,3,it,2026-08-09 04:01:02.107+00
pokemon:tcgdex:tk-xy-b-30:es,tk-xy-b-30,tk,30,es,2026-08-09 04:01:09.686+00
pokemon:tcgdex:tk-xy-b-30:fr,tk-xy-b-30,tk,30,fr,2026-08-09 04:00:41.966+00
pokemon:tcgdex:tk-xy-b-30:it,tk-xy-b-30,tk,30,it,2026-08-09 04:01:03.21+00
pokemon:tcgdex:tk-xy-b-4:es,tk-xy-b-4,tk,4,es,2026-08-09 04:01:08.687+00
pokemon:tcgdex:tk-xy-b-4:fr,tk-xy-b-4,tk,4,fr,2026-08-09 04:00:39.161+00
pokemon:tcgdex:tk-xy-b-4:it,tk-xy-b-4,tk,4,it,2026-08-09 04:01:02.108+00
pokemon:tcgdex:tk-xy-b-5:es,tk-xy-b-5,tk,5,es,2026-08-09 04:01:08.687+00
pokemon:tcgdex:tk-xy-b-5:fr,tk-xy-b-5,tk,5,fr,2026-08-09 04:00:39.161+00
pokemon:tcgdex:tk-xy-b-5:it,tk-xy-b-5,tk,5,it,2026-08-09 04:01:02.108+00
pokemon:tcgdex:tk-xy-b-6:es,tk-xy-b-6,tk,6,es,2026-08-09 04:01:08.913+00
pokemon:tcgdex:tk-xy-b-6:fr,tk-xy-b-6,tk,6,fr,2026-08-09 04:00:39.791+00
pokemon:tcgdex:tk-xy-b-6:it,tk-xy-b-6,tk,6,it,2026-08-09 04:01:02.409+00
pokemon:tcgdex:tk-xy-b-7:es,tk-xy-b-7,tk,7,es,2026-08-09 04:01:08.914+00
pokemon:tcgdex:tk-xy-b-7:fr,tk-xy-b-7,tk,7,fr,2026-08-09 04:00:39.792+00
pokemon:tcgdex:tk-xy-b-7:it,tk-xy-b-7,tk,7,it,2026-08-09 04:01:02.409+00
pokemon:tcgdex:tk-xy-b-8:es,tk-xy-b-8,tk,8,es,2026-08-09 04:01:08.914+00
pokemon:tcgdex:tk-xy-b-8:fr,tk-xy-b-8,tk,8,fr,2026-08-09 04:00:39.792+00
pokemon:tcgdex:tk-xy-b-8:it,tk-xy-b-8,tk,8,it,2026-08-09 04:01:02.409+00
pokemon:tcgdex:tk-xy-b-9:es,tk-xy-b-9,tk,9,es,2026-08-09 04:01:08.914+00
pokemon:tcgdex:tk-xy-b-9:fr,tk-xy-b-9,tk,9,fr,2026-08-09 04:00:40.245+00
pokemon:tcgdex:tk-xy-b-9:it,tk-xy-b-9,tk,9,it,2026-08-09 04:01:02.409+00
pokemon:tcgdex:tk-xy-latia-1:es,tk-xy-latia-1,tk,1,es,2026-08-09 04:01:08.687+00
pokemon:tcgdex:tk-xy-latia-1:fr,tk-xy-latia-1,tk,1,fr,2026-08-09 04:00:38.354+00
pokemon:tcgdex:tk-xy-latia-1:it,tk-xy-latia-1,tk,1,it,2026-08-09 04:01:02.107+00
pokemon:tcgdex:tk-xy-latia-10:es,tk-xy-latia-10,tk,10,es,2026-08-09 04:01:08.914+00
pokemon:tcgdex:tk-xy-latia-10:fr,tk-xy-latia-10,tk,10,fr,2026-08-09 04:00:40.246+00
pokemon:tcgdex:tk-xy-latia-10:it,tk-xy-latia-10,tk,10,it,2026-08-09 04:01:02.409+00
pokemon:tcgdex:tk-xy-latia-11:es,tk-xy-latia-11,tk,11,es,2026-08-09 04:01:09.097+00
pokemon:tcgdex:tk-xy-latia-11:fr,tk-xy-latia-11,tk,11,fr,2026-08-09 04:00:40.246+00
pokemon:tcgdex:tk-xy-latia-11:it,tk-xy-latia-11,tk,11,it,2026-08-09 04:01:02.613+00
pokemon:tcgdex:tk-xy-latia-12:es,tk-xy-latia-12,tk,12,es,2026-08-09 04:01:09.097+00
pokemon:tcgdex:tk-xy-latia-12:fr,tk-xy-latia-12,tk,12,fr,2026-08-09 04:00:40.612+00
pokemon:tcgdex:tk-xy-latia-12:it,tk-xy-latia-12,tk,12,it,2026-08-09 04:01:02.613+00
pokemon:tcgdex:tk-xy-latia-13:es,tk-xy-latia-13,tk,13,es,2026-08-09 04:01:09.097+00
pokemon:tcgdex:tk-xy-latia-13:fr,tk-xy-latia-13,tk,13,fr,2026-08-09 04:00:40.612+00
pokemon:tcgdex:tk-xy-latia-13:it,tk-xy-latia-13,tk,13,it,2026-08-09 04:01:02.613+00
pokemon:tcgdex:tk-xy-latia-14:es,tk-xy-latia-14,tk,14,es,2026-08-09 04:01:09.097+00
pokemon:tcgdex:tk-xy-latia-14:fr,tk-xy-latia-14,tk,14,fr,2026-08-09 04:00:40.612+00
pokemon:tcgdex:tk-xy-latia-14:it,tk-xy-latia-14,tk,14,it,2026-08-09 04:01:02.614+00
pokemon:tcgdex:tk-xy-latia-15:es,tk-xy-latia-15,tk,15,es,2026-08-09 04:01:09.097+00
pokemon:tcgdex:tk-xy-latia-15:fr,tk-xy-latia-15,tk,15,fr,2026-08-09 04:00:40.942+00
pokemon:tcgdex:tk-xy-latia-15:it,tk-xy-latia-15,tk,15,it,2026-08-09 04:01:02.614+00
pokemon:tcgdex:tk-xy-latia-16:es,tk-xy-latia-16,tk,16,es,2026-08-09 04:01:09.3+00
pokemon:tcgdex:tk-xy-latia-16:fr,tk-xy-latia-16,tk,16,fr,2026-08-09 04:00:40.942+00
pokemon:tcgdex:tk-xy-latia-16:it,tk-xy-latia-16,tk,16,it,2026-08-09 04:01:02.811+00
pokemon:tcgdex:tk-xy-latia-17:es,tk-xy-latia-17,tk,17,es,2026-08-09 04:01:09.3+00
pokemon:tcgdex:tk-xy-latia-17:fr,tk-xy-latia-17,tk,17,fr,2026-08-09 04:00:40.942+00
pokemon:tcgdex:tk-xy-latia-17:it,tk-xy-latia-17,tk,17,it,2026-08-09 04:01:02.811+00
pokemon:tcgdex:tk-xy-latia-18:es,tk-xy-latia-18,tk,18,es,2026-08-09 04:01:09.3+00
pokemon:tcgdex:tk-xy-latia-18:fr,tk-xy-latia-18,tk,18,fr,2026-08-09 04:00:41.223+00
pokemon:tcgdex:tk-xy-latia-18:it,tk-xy-latia-18,tk,18,it,2026-08-09 04:01:02.811+00
pokemon:tcgdex:tk-xy-latia-19:es,tk-xy-latia-19,tk,19,es,2026-08-09 04:01:09.3+00
pokemon:tcgdex:tk-xy-latia-19:fr,tk-xy-latia-19,tk,19,fr,2026-08-09 04:00:41.223+00
pokemon:tcgdex:tk-xy-latia-19:it,tk-xy-latia-19,tk,19,it,2026-08-09 04:01:02.811+00
pokemon:tcgdex:tk-xy-latia-2:es,tk-xy-latia-2,tk,2,es,2026-08-09 04:01:08.687+00
pokemon:tcgdex:tk-xy-latia-2:fr,tk-xy-latia-2,tk,2,fr,2026-08-09 04:00:38.354+00
pokemon:tcgdex:tk-xy-latia-2:it,tk-xy-latia-2,tk,2,it,2026-08-09 04:01:02.107+00
pokemon:tcgdex:tk-xy-latia-20:es,tk-xy-latia-20,tk,20,es,2026-08-09 04:01:09.301+00
pokemon:tcgdex:tk-xy-latia-20:fr,tk-xy-latia-20,tk,20,fr,2026-08-09 04:00:41.223+00
pokemon:tcgdex:tk-xy-latia-20:it,tk-xy-latia-20,tk,20,it,2026-08-09 04:01:02.812+00
pokemon:tcgdex:tk-xy-latia-21:es,tk-xy-latia-21,tk,21,es,2026-08-09 04:01:09.524+00
pokemon:tcgdex:tk-xy-latia-21:fr,tk-xy-latia-21,tk,21,fr,2026-08-09 04:00:41.223+00
pokemon:tcgdex:tk-xy-latia-21:it,tk-xy-latia-21,tk,21,it,2026-08-09 04:01:03.037+00
pokemon:tcgdex:tk-xy-latia-22:es,tk-xy-latia-22,tk,22,es,2026-08-09 04:01:09.524+00
pokemon:tcgdex:tk-xy-latia-22:fr,tk-xy-latia-22,tk,22,fr,2026-08-09 04:00:41.483+00
pokemon:tcgdex:tk-xy-latia-22:it,tk-xy-latia-22,tk,22,it,2026-08-09 04:01:03.037+00
pokemon:tcgdex:tk-xy-latia-23:es,tk-xy-latia-23,tk,23,es,2026-08-09 04:01:09.525+00
pokemon:tcgdex:tk-xy-latia-23:fr,tk-xy-latia-23,tk,23,fr,2026-08-09 04:00:41.483+00
pokemon:tcgdex:tk-xy-latia-23:it,tk-xy-latia-23,tk,23,it,2026-08-09 04:01:03.037+00
pokemon:tcgdex:tk-xy-latia-24:es,tk-xy-latia-24,tk,24,es,2026-08-09 04:01:09.525+00
pokemon:tcgdex:tk-xy-latia-24:fr,tk-xy-latia-24,tk,24,fr,2026-08-09 04:00:41.483+00
pokemon:tcgdex:tk-xy-latia-24:it,tk-xy-latia-24,tk,24,it,2026-08-09 04:01:03.037+00
pokemon:tcgdex:tk-xy-latia-25:es,tk-xy-latia-25,tk,25,es,2026-08-09 04:01:09.525+00
pokemon:tcgdex:tk-xy-latia-25:fr,tk-xy-latia-25,tk,25,fr,2026-08-09 04:00:41.732+00
pokemon:tcgdex:tk-xy-latia-25:it,tk-xy-latia-25,tk,25,it,2026-08-09 04:01:03.037+00
pokemon:tcgdex:tk-xy-latia-26:es,tk-xy-latia-26,tk,26,es,2026-08-09 04:01:09.685+00
pokemon:tcgdex:tk-xy-latia-26:fr,tk-xy-latia-26,tk,26,fr,2026-08-09 04:00:41.733+00
pokemon:tcgdex:tk-xy-latia-26:it,tk-xy-latia-26,tk,26,it,2026-08-09 04:01:03.21+00
pokemon:tcgdex:tk-xy-latia-27:es,tk-xy-latia-27,tk,27,es,2026-08-09 04:01:09.685+00
pokemon:tcgdex:tk-xy-latia-27:fr,tk-xy-latia-27,tk,27,fr,2026-08-09 04:00:41.733+00
pokemon:tcgdex:tk-xy-latia-27:it,tk-xy-latia-27,tk,27,it,2026-08-09 04:01:03.21+00
pokemon:tcgdex:tk-xy-latia-28:es,tk-xy-latia-28,tk,28,es,2026-08-09 04:01:09.685+00
pokemon:tcgdex:tk-xy-latia-28:fr,tk-xy-latia-28,tk,28,fr,2026-08-09 04:00:41.733+00
pokemon:tcgdex:tk-xy-latia-28:it,tk-xy-latia-28,tk,28,it,2026-08-09 04:01:03.21+00
pokemon:tcgdex:tk-xy-latia-29:es,tk-xy-latia-29,tk,29,es,2026-08-09 04:01:09.686+00
pokemon:tcgdex:tk-xy-latia-29:fr,tk-xy-latia-29,tk,29,fr,2026-08-09 04:00:41.966+00
pokemon:tcgdex:tk-xy-latia-29:it,tk-xy-latia-29,tk,29,it,2026-08-09 04:01:03.21+00
pokemon:tcgdex:tk-xy-latia-3:es,tk-xy-latia-3,tk,3,es,2026-08-09 04:01:08.687+00
pokemon:tcgdex:tk-xy-latia-3:fr,tk-xy-latia-3,tk,3,fr,2026-08-09 04:00:38.354+00
pokemon:tcgdex:tk-xy-latia-3:it,tk-xy-latia-3,tk,3,it,2026-08-09 04:01:02.108+00
pokemon:tcgdex:tk-xy-latia-30:es,tk-xy-latia-30,tk,30,es,2026-08-09 04:01:09.686+00
pokemon:tcgdex:tk-xy-latia-30:fr,tk-xy-latia-30,tk,30,fr,2026-08-09 04:00:41.966+00
pokemon:tcgdex:tk-xy-latia-30:it,tk-xy-latia-30,tk,30,it,2026-08-09 04:01:03.21+00
pokemon:tcgdex:tk-xy-latia-4:es,tk-xy-latia-4,tk,4,es,2026-08-09 04:01:08.687+00
pokemon:tcgdex:tk-xy-latia-4:fr,tk-xy-latia-4,tk,4,fr,2026-08-09 04:00:39.161+00
pokemon:tcgdex:tk-xy-latia-4:it,tk-xy-latia-4,tk,4,it,2026-08-09 04:01:02.108+00
pokemon:tcgdex:tk-xy-latia-5:es,tk-xy-latia-5,tk,5,es,2026-08-09 04:01:08.687+00
pokemon:tcgdex:tk-xy-latia-5:fr,tk-xy-latia-5,tk,5,fr,2026-08-09 04:00:39.161+00
pokemon:tcgdex:tk-xy-latia-5:it,tk-xy-latia-5,tk,5,it,2026-08-09 04:01:02.108+00
pokemon:tcgdex:tk-xy-latia-6:es,tk-xy-latia-6,tk,6,es,2026-08-09 04:01:08.913+00
pokemon:tcgdex:tk-xy-latia-6:fr,tk-xy-latia-6,tk,6,fr,2026-08-09 04:00:39.791+00
pokemon:tcgdex:tk-xy-latia-6:it,tk-xy-latia-6,tk,6,it,2026-08-09 04:01:02.409+00
pokemon:tcgdex:tk-xy-latia-7:es,tk-xy-latia-7,tk,7,es,2026-08-09 04:01:08.914+00
pokemon:tcgdex:tk-xy-latia-7:fr,tk-xy-latia-7,tk,7,fr,2026-08-09 04:00:39.792+00
pokemon:tcgdex:tk-xy-latia-7:it,tk-xy-latia-7,tk,7,it,2026-08-09 04:01:02.409+00
pokemon:tcgdex:tk-xy-latia-8:es,tk-xy-latia-8,tk,8,es,2026-08-09 04:01:08.914+00
pokemon:tcgdex:tk-xy-latia-8:fr,tk-xy-latia-8,tk,8,fr,2026-08-09 04:00:39.792+00
pokemon:tcgdex:tk-xy-latia-8:it,tk-xy-latia-8,tk,8,it,2026-08-09 04:01:02.409+00
pokemon:tcgdex:tk-xy-latia-9:es,tk-xy-latia-9,tk,9,es,2026-08-09 04:01:08.914+00
pokemon:tcgdex:tk-xy-latia-9:fr,tk-xy-latia-9,tk,9,fr,2026-08-09 04:00:40.245+00
pokemon:tcgdex:tk-xy-latia-9:it,tk-xy-latia-9,tk,9,it,2026-08-09 04:01:02.409+00
pokemon:tcgdex:tk-xy-latio-1:es,tk-xy-latio-1,tk,1,es,2026-08-09 04:01:08.687+00
pokemon:tcgdex:tk-xy-latio-1:fr,tk-xy-latio-1,tk,1,fr,2026-08-09 04:00:38.354+00
pokemon:tcgdex:tk-xy-latio-1:it,tk-xy-latio-1,tk,1,it,2026-08-09 04:01:02.107+00
pokemon:tcgdex:tk-xy-latio-10:es,tk-xy-latio-10,tk,10,es,2026-08-09 04:01:09.097+00
pokemon:tcgdex:tk-xy-latio-10:fr,tk-xy-latio-10,tk,10,fr,2026-08-09 04:00:40.246+00
pokemon:tcgdex:tk-xy-latio-10:it,tk-xy-latio-10,tk,10,it,2026-08-09 04:01:02.613+00
pokemon:tcgdex:tk-xy-latio-11:es,tk-xy-latio-11,tk,11,es,2026-08-09 04:01:09.097+00
pokemon:tcgdex:tk-xy-latio-11:fr,tk-xy-latio-11,tk,11,fr,2026-08-09 04:00:40.246+00
pokemon:tcgdex:tk-xy-latio-11:it,tk-xy-latio-11,tk,11,it,2026-08-09 04:01:02.613+00
pokemon:tcgdex:tk-xy-latio-12:es,tk-xy-latio-12,tk,12,es,2026-08-09 04:01:09.097+00
pokemon:tcgdex:tk-xy-latio-12:fr,tk-xy-latio-12,tk,12,fr,2026-08-09 04:00:40.612+00
pokemon:tcgdex:tk-xy-latio-12:it,tk-xy-latio-12,tk,12,it,2026-08-09 04:01:02.613+00
pokemon:tcgdex:tk-xy-latio-13:es,tk-xy-latio-13,tk,13,es,2026-08-09 04:01:09.097+00
pokemon:tcgdex:tk-xy-latio-13:fr,tk-xy-latio-13,tk,13,fr,2026-08-09 04:00:40.612+00
pokemon:tcgdex:tk-xy-latio-13:it,tk-xy-latio-13,tk,13,it,2026-08-09 04:01:02.613+00
pokemon:tcgdex:tk-xy-latio-14:es,tk-xy-latio-14,tk,14,es,2026-08-09 04:01:09.097+00
pokemon:tcgdex:tk-xy-latio-14:fr,tk-xy-latio-14,tk,14,fr,2026-08-09 04:00:40.612+00
pokemon:tcgdex:tk-xy-latio-14:it,tk-xy-latio-14,tk,14,it,2026-08-09 04:01:02.614+00
pokemon:tcgdex:tk-xy-latio-15:es,tk-xy-latio-15,tk,15,es,2026-08-09 04:01:09.3+00
pokemon:tcgdex:tk-xy-latio-15:fr,tk-xy-latio-15,tk,15,fr,2026-08-09 04:00:40.942+00
pokemon:tcgdex:tk-xy-latio-15:it,tk-xy-latio-15,tk,15,it,2026-08-09 04:01:02.811+00
pokemon:tcgdex:tk-xy-latio-16:es,tk-xy-latio-16,tk,16,es,2026-08-09 04:01:09.3+00
pokemon:tcgdex:tk-xy-latio-16:fr,tk-xy-latio-16,tk,16,fr,2026-08-09 04:00:40.942+00
pokemon:tcgdex:tk-xy-latio-16:it,tk-xy-latio-16,tk,16,it,2026-08-09 04:01:02.811+00
pokemon:tcgdex:tk-xy-latio-17:es,tk-xy-latio-17,tk,17,es,2026-08-09 04:01:09.3+00
pokemon:tcgdex:tk-xy-latio-17:fr,tk-xy-latio-17,tk,17,fr,2026-08-09 04:00:40.942+00
pokemon:tcgdex:tk-xy-latio-17:it,tk-xy-latio-17,tk,17,it,2026-08-09 04:01:02.811+00
pokemon:tcgdex:tk-xy-latio-18:es,tk-xy-latio-18,tk,18,es,2026-08-09 04:01:09.3+00
pokemon:tcgdex:tk-xy-latio-18:fr,tk-xy-latio-18,tk,18,fr,2026-08-09 04:00:41.223+00
pokemon:tcgdex:tk-xy-latio-18:it,tk-xy-latio-18,tk,18,it,2026-08-09 04:01:02.811+00
pokemon:tcgdex:tk-xy-latio-19:es,tk-xy-latio-19,tk,19,es,2026-08-09 04:01:09.3+00
pokemon:tcgdex:tk-xy-latio-19:fr,tk-xy-latio-19,tk,19,fr,2026-08-09 04:00:41.223+00
pokemon:tcgdex:tk-xy-latio-19:it,tk-xy-latio-19,tk,19,it,2026-08-09 04:01:02.811+00
pokemon:tcgdex:tk-xy-latio-2:es,tk-xy-latio-2,tk,2,es,2026-08-09 04:01:08.687+00
pokemon:tcgdex:tk-xy-latio-2:fr,tk-xy-latio-2,tk,2,fr,2026-08-09 04:00:38.354+00
pokemon:tcgdex:tk-xy-latio-2:it,tk-xy-latio-2,tk,2,it,2026-08-09 04:01:02.107+00
pokemon:tcgdex:tk-xy-latio-20:es,tk-xy-latio-20,tk,20,es,2026-08-09 04:01:09.301+00
pokemon:tcgdex:tk-xy-latio-20:fr,tk-xy-latio-20,tk,20,fr,2026-08-09 04:00:41.223+00
pokemon:tcgdex:tk-xy-latio-20:it,tk-xy-latio-20,tk,20,it,2026-08-09 04:01:02.812+00
pokemon:tcgdex:tk-xy-latio-21:es,tk-xy-latio-21,tk,21,es,2026-08-09 04:01:09.524+00
pokemon:tcgdex:tk-xy-latio-21:fr,tk-xy-latio-21,tk,21,fr,2026-08-09 04:00:41.223+00
pokemon:tcgdex:tk-xy-latio-21:it,tk-xy-latio-21,tk,21,it,2026-08-09 04:01:03.037+00
pokemon:tcgdex:tk-xy-latio-22:es,tk-xy-latio-22,tk,22,es,2026-08-09 04:01:09.525+00
pokemon:tcgdex:tk-xy-latio-22:fr,tk-xy-latio-22,tk,22,fr,2026-08-09 04:00:41.483+00
pokemon:tcgdex:tk-xy-latio-22:it,tk-xy-latio-22,tk,22,it,2026-08-09 04:01:03.037+00
pokemon:tcgdex:tk-xy-latio-23:es,tk-xy-latio-23,tk,23,es,2026-08-09 04:01:09.525+00
pokemon:tcgdex:tk-xy-latio-23:fr,tk-xy-latio-23,tk,23,fr,2026-08-09 04:00:41.483+00
pokemon:tcgdex:tk-xy-latio-23:it,tk-xy-latio-23,tk,23,it,2026-08-09 04:01:03.037+00
pokemon:tcgdex:tk-xy-latio-24:es,tk-xy-latio-24,tk,24,es,2026-08-09 04:01:09.525+00
pokemon:tcgdex:tk-xy-latio-24:fr,tk-xy-latio-24,tk,24,fr,2026-08-09 04:00:41.483+00
pokemon:tcgdex:tk-xy-latio-24:it,tk-xy-latio-24,tk,24,it,2026-08-09 04:01:03.037+00
pokemon:tcgdex:tk-xy-latio-25:es,tk-xy-latio-25,tk,25,es,2026-08-09 04:01:09.525+00
pokemon:tcgdex:tk-xy-latio-25:fr,tk-xy-latio-25,tk,25,fr,2026-08-09 04:00:41.732+00
pokemon:tcgdex:tk-xy-latio-25:it,tk-xy-latio-25,tk,25,it,2026-08-09 04:01:03.038+00
pokemon:tcgdex:tk-xy-latio-26:es,tk-xy-latio-26,tk,26,es,2026-08-09 04:01:09.685+00
pokemon:tcgdex:tk-xy-latio-26:fr,tk-xy-latio-26,tk,26,fr,2026-08-09 04:00:41.733+00
pokemon:tcgdex:tk-xy-latio-26:it,tk-xy-latio-26,tk,26,it,2026-08-09 04:01:03.21+00
pokemon:tcgdex:tk-xy-latio-27:es,tk-xy-latio-27,tk,27,es,2026-08-09 04:01:09.685+00
pokemon:tcgdex:tk-xy-latio-27:fr,tk-xy-latio-27,tk,27,fr,2026-08-09 04:00:41.733+00
pokemon:tcgdex:tk-xy-latio-27:it,tk-xy-latio-27,tk,27,it,2026-08-09 04:01:03.21+00
pokemon:tcgdex:tk-xy-latio-28:es,tk-xy-latio-28,tk,28,es,2026-08-09 04:01:09.685+00
pokemon:tcgdex:tk-xy-latio-28:fr,tk-xy-latio-28,tk,28,fr,2026-08-09 04:00:41.966+00
pokemon:tcgdex:tk-xy-latio-28:it,tk-xy-latio-28,tk,28,it,2026-08-09 04:01:03.21+00
pokemon:tcgdex:tk-xy-latio-29:es,tk-xy-latio-29,tk,29,es,2026-08-09 04:01:09.686+00
pokemon:tcgdex:tk-xy-latio-29:fr,tk-xy-latio-29,tk,29,fr,2026-08-09 04:00:41.966+00
pokemon:tcgdex:tk-xy-latio-29:it,tk-xy-latio-29,tk,29,it,2026-08-09 04:01:03.21+00
pokemon:tcgdex:tk-xy-latio-3:es,tk-xy-latio-3,tk,3,es,2026-08-09 04:01:08.687+00
pokemon:tcgdex:tk-xy-latio-3:fr,tk-xy-latio-3,tk,3,fr,2026-08-09 04:00:39.161+00
pokemon:tcgdex:tk-xy-latio-3:it,tk-xy-latio-3,tk,3,it,2026-08-09 04:01:02.108+00
pokemon:tcgdex:tk-xy-latio-30:es,tk-xy-latio-30,tk,30,es,2026-08-09 04:01:09.686+00
pokemon:tcgdex:tk-xy-latio-30:fr,tk-xy-latio-30,tk,30,fr,2026-08-09 04:00:41.966+00
pokemon:tcgdex:tk-xy-latio-30:it,tk-xy-latio-30,tk,30,it,2026-08-09 04:01:03.21+00
pokemon:tcgdex:tk-xy-latio-4:es,tk-xy-latio-4,tk,4,es,2026-08-09 04:01:08.687+00
pokemon:tcgdex:tk-xy-latio-4:fr,tk-xy-latio-4,tk,4,fr,2026-08-09 04:00:39.161+00
pokemon:tcgdex:tk-xy-latio-4:it,tk-xy-latio-4,tk,4,it,2026-08-09 04:01:02.108+00
pokemon:tcgdex:tk-xy-latio-5:es,tk-xy-latio-5,tk,5,es,2026-08-09 04:01:08.913+00
pokemon:tcgdex:tk-xy-latio-5:fr,tk-xy-latio-5,tk,5,fr,2026-08-09 04:00:39.161+00
pokemon:tcgdex:tk-xy-latio-5:it,tk-xy-latio-5,tk,5,it,2026-08-09 04:01:02.409+00
pokemon:tcgdex:tk-xy-latio-6:es,tk-xy-latio-6,tk,6,es,2026-08-09 04:01:08.913+00
pokemon:tcgdex:tk-xy-latio-6:fr,tk-xy-latio-6,tk,6,fr,2026-08-09 04:00:39.791+00
pokemon:tcgdex:tk-xy-latio-6:it,tk-xy-latio-6,tk,6,it,2026-08-09 04:01:02.409+00
pokemon:tcgdex:tk-xy-latio-7:es,tk-xy-latio-7,tk,7,es,2026-08-09 04:01:08.914+00
pokemon:tcgdex:tk-xy-latio-7:fr,tk-xy-latio-7,tk,7,fr,2026-08-09 04:00:39.792+00
pokemon:tcgdex:tk-xy-latio-7:it,tk-xy-latio-7,tk,7,it,2026-08-09 04:01:02.409+00
pokemon:tcgdex:tk-xy-latio-8:es,tk-xy-latio-8,tk,8,es,2026-08-09 04:01:08.914+00
pokemon:tcgdex:tk-xy-latio-8:fr,tk-xy-latio-8,tk,8,fr,2026-08-09 04:00:39.792+00
pokemon:tcgdex:tk-xy-latio-8:it,tk-xy-latio-8,tk,8,it,2026-08-09 04:01:02.409+00
pokemon:tcgdex:tk-xy-latio-9:es,tk-xy-latio-9,tk,9,es,2026-08-09 04:01:08.914+00
pokemon:tcgdex:tk-xy-latio-9:fr,tk-xy-latio-9,tk,9,fr,2026-08-09 04:00:40.245+00
pokemon:tcgdex:tk-xy-latio-9:it,tk-xy-latio-9,tk,9,it,2026-08-09 04:01:02.409+00
pokemon:tcgdex:tk-xy-n-1:es,tk-xy-n-1,tk,1,es,2026-08-09 04:01:08.686+00
pokemon:tcgdex:tk-xy-n-1:fr,tk-xy-n-1,tk,1,fr,2026-08-09 04:00:38.354+00
pokemon:tcgdex:tk-xy-n-1:it,tk-xy-n-1,tk,1,it,2026-08-09 04:01:02.107+00
pokemon:tcgdex:tk-xy-n-10:es,tk-xy-n-10,tk,10,es,2026-08-09 04:01:08.914+00
pokemon:tcgdex:tk-xy-n-10:fr,tk-xy-n-10,tk,10,fr,2026-08-09 04:00:40.246+00
pokemon:tcgdex:tk-xy-n-10:it,tk-xy-n-10,tk,10,it,2026-08-09 04:01:02.409+00
pokemon:tcgdex:tk-xy-n-11:es,tk-xy-n-11,tk,11,es,2026-08-09 04:01:09.097+00
pokemon:tcgdex:tk-xy-n-11:fr,tk-xy-n-11,tk,11,fr,2026-08-09 04:00:40.246+00
pokemon:tcgdex:tk-xy-n-11:it,tk-xy-n-11,tk,11,it,2026-08-09 04:01:02.613+00
pokemon:tcgdex:tk-xy-n-12:es,tk-xy-n-12,tk,12,es,2026-08-09 04:01:09.097+00
pokemon:tcgdex:tk-xy-n-12:fr,tk-xy-n-12,tk,12,fr,2026-08-09 04:00:40.612+00
pokemon:tcgdex:tk-xy-n-12:it,tk-xy-n-12,tk,12,it,2026-08-09 04:01:02.613+00
pokemon:tcgdex:tk-xy-n-13:es,tk-xy-n-13,tk,13,es,2026-08-09 04:01:09.097+00
pokemon:tcgdex:tk-xy-n-13:fr,tk-xy-n-13,tk,13,fr,2026-08-09 04:00:40.612+00
pokemon:tcgdex:tk-xy-n-13:it,tk-xy-n-13,tk,13,it,2026-08-09 04:01:02.613+00
pokemon:tcgdex:tk-xy-n-14:es,tk-xy-n-14,tk,14,es,2026-08-09 04:01:09.097+00
pokemon:tcgdex:tk-xy-n-14:fr,tk-xy-n-14,tk,14,fr,2026-08-09 04:00:40.612+00
pokemon:tcgdex:tk-xy-n-14:it,tk-xy-n-14,tk,14,it,2026-08-09 04:01:02.614+00
pokemon:tcgdex:tk-xy-n-15:es,tk-xy-n-15,tk,15,es,2026-08-09 04:01:09.097+00
pokemon:tcgdex:tk-xy-n-15:fr,tk-xy-n-15,tk,15,fr,2026-08-09 04:00:40.942+00
pokemon:tcgdex:tk-xy-n-15:it,tk-xy-n-15,tk,15,it,2026-08-09 04:01:02.614+00
pokemon:tcgdex:tk-xy-n-16:es,tk-xy-n-16,tk,16,es,2026-08-09 04:01:09.3+00
pokemon:tcgdex:tk-xy-n-16:fr,tk-xy-n-16,tk,16,fr,2026-08-09 04:00:40.942+00
pokemon:tcgdex:tk-xy-n-16:it,tk-xy-n-16,tk,16,it,2026-08-09 04:01:02.811+00
pokemon:tcgdex:tk-xy-n-17:es,tk-xy-n-17,tk,17,es,2026-08-09 04:01:09.3+00
pokemon:tcgdex:tk-xy-n-17:fr,tk-xy-n-17,tk,17,fr,2026-08-09 04:00:40.942+00
pokemon:tcgdex:tk-xy-n-17:it,tk-xy-n-17,tk,17,it,2026-08-09 04:01:02.811+00
pokemon:tcgdex:tk-xy-n-18:es,tk-xy-n-18,tk,18,es,2026-08-09 04:01:09.3+00
pokemon:tcgdex:tk-xy-n-18:fr,tk-xy-n-18,tk,18,fr,2026-08-09 04:00:40.942+00
pokemon:tcgdex:tk-xy-n-18:it,tk-xy-n-18,tk,18,it,2026-08-09 04:01:02.811+00
pokemon:tcgdex:tk-xy-n-19:es,tk-xy-n-19,tk,19,es,2026-08-09 04:01:09.3+00
pokemon:tcgdex:tk-xy-n-19:fr,tk-xy-n-19,tk,19,fr,2026-08-09 04:00:41.223+00
pokemon:tcgdex:tk-xy-n-19:it,tk-xy-n-19,tk,19,it,2026-08-09 04:01:02.811+00
pokemon:tcgdex:tk-xy-n-2:es,tk-xy-n-2,tk,2,es,2026-08-09 04:01:08.687+00
pokemon:tcgdex:tk-xy-n-2:fr,tk-xy-n-2,tk,2,fr,2026-08-09 04:00:38.354+00
pokemon:tcgdex:tk-xy-n-2:it,tk-xy-n-2,tk,2,it,2026-08-09 04:01:02.107+00
pokemon:tcgdex:tk-xy-n-20:es,tk-xy-n-20,tk,20,es,2026-08-09 04:01:09.301+00
pokemon:tcgdex:tk-xy-n-20:fr,tk-xy-n-20,tk,20,fr,2026-08-09 04:00:41.223+00
pokemon:tcgdex:tk-xy-n-20:it,tk-xy-n-20,tk,20,it,2026-08-09 04:01:02.812+00
pokemon:tcgdex:tk-xy-n-21:es,tk-xy-n-21,tk,21,es,2026-08-09 04:01:09.524+00
pokemon:tcgdex:tk-xy-n-21:fr,tk-xy-n-21,tk,21,fr,2026-08-09 04:00:41.223+00
pokemon:tcgdex:tk-xy-n-21:it,tk-xy-n-21,tk,21,it,2026-08-09 04:01:03.037+00
pokemon:tcgdex:tk-xy-n-22:es,tk-xy-n-22,tk,22,es,2026-08-09 04:01:09.524+00
pokemon:tcgdex:tk-xy-n-22:fr,tk-xy-n-22,tk,22,fr,2026-08-09 04:00:41.483+00
pokemon:tcgdex:tk-xy-n-22:it,tk-xy-n-22,tk,22,it,2026-08-09 04:01:03.037+00
pokemon:tcgdex:tk-xy-n-23:es,tk-xy-n-23,tk,23,es,2026-08-09 04:01:09.525+00
pokemon:tcgdex:tk-xy-n-23:fr,tk-xy-n-23,tk,23,fr,2026-08-09 04:00:41.483+00
pokemon:tcgdex:tk-xy-n-23:it,tk-xy-n-23,tk,23,it,2026-08-09 04:01:03.037+00
pokemon:tcgdex:tk-xy-n-24:es,tk-xy-n-24,tk,24,es,2026-08-09 04:01:09.525+00
pokemon:tcgdex:tk-xy-n-24:fr,tk-xy-n-24,tk,24,fr,2026-08-09 04:00:41.483+00
pokemon:tcgdex:tk-xy-n-24:it,tk-xy-n-24,tk,24,it,2026-08-09 04:01:03.037+00
pokemon:tcgdex:tk-xy-n-25:es,tk-xy-n-25,tk,25,es,2026-08-09 04:01:09.525+00
pokemon:tcgdex:tk-xy-n-25:fr,tk-xy-n-25,tk,25,fr,2026-08-09 04:00:41.732+00
pokemon:tcgdex:tk-xy-n-25:it,tk-xy-n-25,tk,25,it,2026-08-09 04:01:03.037+00
pokemon:tcgdex:tk-xy-n-26:es,tk-xy-n-26,tk,26,es,2026-08-09 04:01:09.685+00
pokemon:tcgdex:tk-xy-n-26:fr,tk-xy-n-26,tk,26,fr,2026-08-09 04:00:41.733+00
pokemon:tcgdex:tk-xy-n-26:it,tk-xy-n-26,tk,26,it,2026-08-09 04:01:03.21+00
pokemon:tcgdex:tk-xy-n-27:es,tk-xy-n-27,tk,27,es,2026-08-09 04:01:09.685+00
pokemon:tcgdex:tk-xy-n-27:fr,tk-xy-n-27,tk,27,fr,2026-08-09 04:00:41.733+00
pokemon:tcgdex:tk-xy-n-27:it,tk-xy-n-27,tk,27,it,2026-08-09 04:01:03.21+00
pokemon:tcgdex:tk-xy-n-28:es,tk-xy-n-28,tk,28,es,2026-08-09 04:01:09.685+00
pokemon:tcgdex:tk-xy-n-28:fr,tk-xy-n-28,tk,28,fr,2026-08-09 04:00:41.733+00
pokemon:tcgdex:tk-xy-n-28:it,tk-xy-n-28,tk,28,it,2026-08-09 04:01:03.21+00
pokemon:tcgdex:tk-xy-n-29:es,tk-xy-n-29,tk,29,es,2026-08-09 04:01:09.686+00
pokemon:tcgdex:tk-xy-n-29:fr,tk-xy-n-29,tk,29,fr,2026-08-09 04:00:41.966+00
pokemon:tcgdex:tk-xy-n-29:it,tk-xy-n-29,tk,29,it,2026-08-09 04:01:03.21+00
pokemon:tcgdex:tk-xy-n-3:es,tk-xy-n-3,tk,3,es,2026-08-09 04:01:08.687+00
pokemon:tcgdex:tk-xy-n-3:fr,tk-xy-n-3,tk,3,fr,2026-08-09 04:00:38.354+00
pokemon:tcgdex:tk-xy-n-3:it,tk-xy-n-3,tk,3,it,2026-08-09 04:01:02.107+00
pokemon:tcgdex:tk-xy-n-30:es,tk-xy-n-30,tk,30,es,2026-08-09 04:01:09.686+00
pokemon:tcgdex:tk-xy-n-30:fr,tk-xy-n-30,tk,30,fr,2026-08-09 04:00:41.966+00
pokemon:tcgdex:tk-xy-n-30:it,tk-xy-n-30,tk,30,it,2026-08-09 04:01:03.21+00
pokemon:tcgdex:tk-xy-n-4:es,tk-xy-n-4,tk,4,es,2026-08-09 04:01:08.687+00
pokemon:tcgdex:tk-xy-n-4:fr,tk-xy-n-4,tk,4,fr,2026-08-09 04:00:39.161+00
pokemon:tcgdex:tk-xy-n-4:it,tk-xy-n-4,tk,4,it,2026-08-09 04:01:02.108+00
pokemon:tcgdex:tk-xy-n-5:es,tk-xy-n-5,tk,5,es,2026-08-09 04:01:08.687+00
pokemon:tcgdex:tk-xy-n-5:fr,tk-xy-n-5,tk,5,fr,2026-08-09 04:00:39.161+00
pokemon:tcgdex:tk-xy-n-5:it,tk-xy-n-5,tk,5,it,2026-08-09 04:01:02.108+00
pokemon:tcgdex:tk-xy-n-6:es,tk-xy-n-6,tk,6,es,2026-08-09 04:01:08.913+00
pokemon:tcgdex:tk-xy-n-6:fr,tk-xy-n-6,tk,6,fr,2026-08-09 04:00:39.791+00
pokemon:tcgdex:tk-xy-n-6:it,tk-xy-n-6,tk,6,it,2026-08-09 04:01:02.409+00
pokemon:tcgdex:tk-xy-n-7:es,tk-xy-n-7,tk,7,es,2026-08-09 04:01:08.914+00
pokemon:tcgdex:tk-xy-n-7:fr,tk-xy-n-7,tk,7,fr,2026-08-09 04:00:39.792+00
pokemon:tcgdex:tk-xy-n-7:it,tk-xy-n-7,tk,7,it,2026-08-09 04:01:02.409+00
pokemon:tcgdex:tk-xy-n-8:es,tk-xy-n-8,tk,8,es,2026-08-09 04:01:08.914+00
pokemon:tcgdex:tk-xy-n-8:fr,tk-xy-n-8,tk,8,fr,2026-08-09 04:00:39.792+00
pokemon:tcgdex:tk-xy-n-8:it,tk-xy-n-8,tk,8,it,2026-08-09 04:01:02.409+00
pokemon:tcgdex:tk-xy-n-9:es,tk-xy-n-9,tk,9,es,2026-08-09 04:01:08.914+00
pokemon:tcgdex:tk-xy-n-9:fr,tk-xy-n-9,tk,9,fr,2026-08-09 04:00:40.245+00
pokemon:tcgdex:tk-xy-n-9:it,tk-xy-n-9,tk,9,it,2026-08-09 04:01:02.409+00
pokemon:tcgdex:tk-xy-p-1:es,tk-xy-p-1,tk,1,es,2026-08-09 04:01:08.687+00
pokemon:tcgdex:tk-xy-p-1:fr,tk-xy-p-1,tk,1,fr,2026-08-09 04:00:38.354+00
pokemon:tcgdex:tk-xy-p-1:it,tk-xy-p-1,tk,1,it,2026-08-09 04:01:02.107+00
pokemon:tcgdex:tk-xy-p-10:es,tk-xy-p-10,tk,10,es,2026-08-09 04:01:08.914+00
pokemon:tcgdex:tk-xy-p-10:fr,tk-xy-p-10,tk,10,fr,2026-08-09 04:00:40.246+00
pokemon:tcgdex:tk-xy-p-10:it,tk-xy-p-10,tk,10,it,2026-08-09 04:01:02.409+00
pokemon:tcgdex:tk-xy-p-11:es,tk-xy-p-11,tk,11,es,2026-08-09 04:01:09.097+00
pokemon:tcgdex:tk-xy-p-11:fr,tk-xy-p-11,tk,11,fr,2026-08-09 04:00:40.246+00
pokemon:tcgdex:tk-xy-p-11:it,tk-xy-p-11,tk,11,it,2026-08-09 04:01:02.613+00
pokemon:tcgdex:tk-xy-p-12:es,tk-xy-p-12,tk,12,es,2026-08-09 04:01:09.097+00
pokemon:tcgdex:tk-xy-p-12:fr,tk-xy-p-12,tk,12,fr,2026-08-09 04:00:40.612+00
pokemon:tcgdex:tk-xy-p-12:it,tk-xy-p-12,tk,12,it,2026-08-09 04:01:02.613+00
pokemon:tcgdex:tk-xy-p-13:es,tk-xy-p-13,tk,13,es,2026-08-09 04:01:09.097+00
pokemon:tcgdex:tk-xy-p-13:fr,tk-xy-p-13,tk,13,fr,2026-08-09 04:00:40.612+00
pokemon:tcgdex:tk-xy-p-13:it,tk-xy-p-13,tk,13,it,2026-08-09 04:01:02.613+00
pokemon:tcgdex:tk-xy-p-14:es,tk-xy-p-14,tk,14,es,2026-08-09 04:01:09.097+00
pokemon:tcgdex:tk-xy-p-14:fr,tk-xy-p-14,tk,14,fr,2026-08-09 04:00:40.612+00
pokemon:tcgdex:tk-xy-p-14:it,tk-xy-p-14,tk,14,it,2026-08-09 04:01:02.614+00
pokemon:tcgdex:tk-xy-p-15:es,tk-xy-p-15,tk,15,es,2026-08-09 04:01:09.097+00
pokemon:tcgdex:tk-xy-p-15:fr,tk-xy-p-15,tk,15,fr,2026-08-09 04:00:40.942+00
pokemon:tcgdex:tk-xy-p-15:it,tk-xy-p-15,tk,15,it,2026-08-09 04:01:02.614+00
pokemon:tcgdex:tk-xy-p-16:es,tk-xy-p-16,tk,16,es,2026-08-09 04:01:09.3+00
pokemon:tcgdex:tk-xy-p-16:fr,tk-xy-p-16,tk,16,fr,2026-08-09 04:00:40.942+00
pokemon:tcgdex:tk-xy-p-16:it,tk-xy-p-16,tk,16,it,2026-08-09 04:01:02.811+00
pokemon:tcgdex:tk-xy-p-17:es,tk-xy-p-17,tk,17,es,2026-08-09 04:01:09.3+00
pokemon:tcgdex:tk-xy-p-17:fr,tk-xy-p-17,tk,17,fr,2026-08-09 04:00:40.942+00
pokemon:tcgdex:tk-xy-p-17:it,tk-xy-p-17,tk,17,it,2026-08-09 04:01:02.811+00
pokemon:tcgdex:tk-xy-p-18:es,tk-xy-p-18,tk,18,es,2026-08-09 04:01:09.3+00
pokemon:tcgdex:tk-xy-p-18:fr,tk-xy-p-18,tk,18,fr,2026-08-09 04:00:41.223+00
pokemon:tcgdex:tk-xy-p-18:it,tk-xy-p-18,tk,18,it,2026-08-09 04:01:02.811+00
pokemon:tcgdex:tk-xy-p-19:es,tk-xy-p-19,tk,19,es,2026-08-09 04:01:09.3+00
pokemon:tcgdex:tk-xy-p-19:fr,tk-xy-p-19,tk,19,fr,2026-08-09 04:00:41.223+00
pokemon:tcgdex:tk-xy-p-19:it,tk-xy-p-19,tk,19,it,2026-08-09 04:01:02.811+00
pokemon:tcgdex:tk-xy-p-2:es,tk-xy-p-2,tk,2,es,2026-08-09 04:01:08.687+00
pokemon:tcgdex:tk-xy-p-2:fr,tk-xy-p-2,tk,2,fr,2026-08-09 04:00:38.354+00
pokemon:tcgdex:tk-xy-p-2:it,tk-xy-p-2,tk,2,it,2026-08-09 04:01:02.107+00
pokemon:tcgdex:tk-xy-p-20:es,tk-xy-p-20,tk,20,es,2026-08-09 04:01:09.301+00
pokemon:tcgdex:tk-xy-p-20:fr,tk-xy-p-20,tk,20,fr,2026-08-09 04:00:41.223+00
pokemon:tcgdex:tk-xy-p-20:it,tk-xy-p-20,tk,20,it,2026-08-09 04:01:02.812+00
pokemon:tcgdex:tk-xy-p-21:es,tk-xy-p-21,tk,21,es,2026-08-09 04:01:09.524+00
pokemon:tcgdex:tk-xy-p-21:fr,tk-xy-p-21,tk,21,fr,2026-08-09 04:00:41.223+00
pokemon:tcgdex:tk-xy-p-21:it,tk-xy-p-21,tk,21,it,2026-08-09 04:01:03.037+00
pokemon:tcgdex:tk-xy-p-22:es,tk-xy-p-22,tk,22,es,2026-08-09 04:01:09.524+00
pokemon:tcgdex:tk-xy-p-22:fr,tk-xy-p-22,tk,22,fr,2026-08-09 04:00:41.483+00
pokemon:tcgdex:tk-xy-p-22:it,tk-xy-p-22,tk,22,it,2026-08-09 04:01:03.037+00
pokemon:tcgdex:tk-xy-p-23:es,tk-xy-p-23,tk,23,es,2026-08-09 04:01:09.525+00
pokemon:tcgdex:tk-xy-p-23:fr,tk-xy-p-23,tk,23,fr,2026-08-09 04:00:41.483+00
pokemon:tcgdex:tk-xy-p-23:it,tk-xy-p-23,tk,23,it,2026-08-09 04:01:03.037+00
pokemon:tcgdex:tk-xy-p-24:es,tk-xy-p-24,tk,24,es,2026-08-09 04:01:09.525+00
pokemon:tcgdex:tk-xy-p-24:fr,tk-xy-p-24,tk,24,fr,2026-08-09 04:00:41.483+00
pokemon:tcgdex:tk-xy-p-24:it,tk-xy-p-24,tk,24,it,2026-08-09 04:01:03.037+00
pokemon:tcgdex:tk-xy-p-25:es,tk-xy-p-25,tk,25,es,2026-08-09 04:01:09.525+00
pokemon:tcgdex:tk-xy-p-25:fr,tk-xy-p-25,tk,25,fr,2026-08-09 04:00:41.732+00
pokemon:tcgdex:tk-xy-p-25:it,tk-xy-p-25,tk,25,it,2026-08-09 04:01:03.038+00
pokemon:tcgdex:tk-xy-p-26:es,tk-xy-p-26,tk,26,es,2026-08-09 04:01:09.685+00
pokemon:tcgdex:tk-xy-p-26:fr,tk-xy-p-26,tk,26,fr,2026-08-09 04:00:41.733+00
pokemon:tcgdex:tk-xy-p-26:it,tk-xy-p-26,tk,26,it,2026-08-09 04:01:03.21+00
pokemon:tcgdex:tk-xy-p-27:es,tk-xy-p-27,tk,27,es,2026-08-09 04:01:09.685+00
pokemon:tcgdex:tk-xy-p-27:fr,tk-xy-p-27,tk,27,fr,2026-08-09 04:00:41.733+00
pokemon:tcgdex:tk-xy-p-27:it,tk-xy-p-27,tk,27,it,2026-08-09 04:01:03.21+00
pokemon:tcgdex:tk-xy-p-28:es,tk-xy-p-28,tk,28,es,2026-08-09 04:01:09.685+00
pokemon:tcgdex:tk-xy-p-28:fr,tk-xy-p-28,tk,28,fr,2026-08-09 04:00:41.733+00
pokemon:tcgdex:tk-xy-p-28:it,tk-xy-p-28,tk,28,it,2026-08-09 04:01:03.21+00
pokemon:tcgdex:tk-xy-p-29:es,tk-xy-p-29,tk,29,es,2026-08-09 04:01:09.686+00
pokemon:tcgdex:tk-xy-p-29:fr,tk-xy-p-29,tk,29,fr,2026-08-09 04:00:41.966+00
pokemon:tcgdex:tk-xy-p-29:it,tk-xy-p-29,tk,29,it,2026-08-09 04:01:03.21+00
pokemon:tcgdex:tk-xy-p-3:es,tk-xy-p-3,tk,3,es,2026-08-09 04:01:08.687+00
pokemon:tcgdex:tk-xy-p-3:fr,tk-xy-p-3,tk,3,fr,2026-08-09 04:00:39.161+00
pokemon:tcgdex:tk-xy-p-3:it,tk-xy-p-3,tk,3,it,2026-08-09 04:01:02.108+00
pokemon:tcgdex:tk-xy-p-30:es,tk-xy-p-30,tk,30,es,2026-08-09 04:01:09.686+00
pokemon:tcgdex:tk-xy-p-30:fr,tk-xy-p-30,tk,30,fr,2026-08-09 04:00:41.966+00
pokemon:tcgdex:tk-xy-p-30:it,tk-xy-p-30,tk,30,it,2026-08-09 04:01:03.21+00
pokemon:tcgdex:tk-xy-p-4:es,tk-xy-p-4,tk,4,es,2026-08-09 04:01:08.687+00
pokemon:tcgdex:tk-xy-p-4:fr,tk-xy-p-4,tk,4,fr,2026-08-09 04:00:39.161+00
pokemon:tcgdex:tk-xy-p-4:it,tk-xy-p-4,tk,4,it,2026-08-09 04:01:02.108+00
pokemon:tcgdex:tk-xy-p-5:es,tk-xy-p-5,tk,5,es,2026-08-09 04:01:08.687+00
pokemon:tcgdex:tk-xy-p-5:fr,tk-xy-p-5,tk,5,fr,2026-08-09 04:00:39.161+00
pokemon:tcgdex:tk-xy-p-5:it,tk-xy-p-5,tk,5,it,2026-08-09 04:01:02.108+00
pokemon:tcgdex:tk-xy-p-6:es,tk-xy-p-6,tk,6,es,2026-08-09 04:01:08.913+00
pokemon:tcgdex:tk-xy-p-6:fr,tk-xy-p-6,tk,6,fr,2026-08-09 04:00:39.791+00
pokemon:tcgdex:tk-xy-p-6:it,tk-xy-p-6,tk,6,it,2026-08-09 04:01:02.409+00
pokemon:tcgdex:tk-xy-p-7:es,tk-xy-p-7,tk,7,es,2026-08-09 04:01:08.914+00
pokemon:tcgdex:tk-xy-p-7:fr,tk-xy-p-7,tk,7,fr,2026-08-09 04:00:39.792+00
pokemon:tcgdex:tk-xy-p-7:it,tk-xy-p-7,tk,7,it,2026-08-09 04:01:02.409+00
pokemon:tcgdex:tk-xy-p-8:es,tk-xy-p-8,tk,8,es,2026-08-09 04:01:08.914+00
pokemon:tcgdex:tk-xy-p-8:fr,tk-xy-p-8,tk,8,fr,2026-08-09 04:00:39.792+00
pokemon:tcgdex:tk-xy-p-8:it,tk-xy-p-8,tk,8,it,2026-08-09 04:01:02.409+00
pokemon:tcgdex:tk-xy-p-9:es,tk-xy-p-9,tk,9,es,2026-08-09 04:01:08.914+00
pokemon:tcgdex:tk-xy-p-9:fr,tk-xy-p-9,tk,9,fr,2026-08-09 04:00:40.245+00
pokemon:tcgdex:tk-xy-p-9:it,tk-xy-p-9,tk,9,it,2026-08-09 04:01:02.409+00
pokemon:tcgdex:tk-xy-su-1:es,tk-xy-su-1,tk,1,es,2026-08-09 04:01:08.686+00
pokemon:tcgdex:tk-xy-su-1:fr,tk-xy-su-1,tk,1,fr,2026-08-09 04:00:38.354+00
pokemon:tcgdex:tk-xy-su-1:it,tk-xy-su-1,tk,1,it,2026-08-09 04:01:02.107+00
pokemon:tcgdex:tk-xy-su-10:es,tk-xy-su-10,tk,10,es,2026-08-09 04:01:08.914+00
pokemon:tcgdex:tk-xy-su-10:fr,tk-xy-su-10,tk,10,fr,2026-08-09 04:00:40.246+00
pokemon:tcgdex:tk-xy-su-10:it,tk-xy-su-10,tk,10,it,2026-08-09 04:01:02.409+00
pokemon:tcgdex:tk-xy-su-11:es,tk-xy-su-11,tk,11,es,2026-08-09 04:01:09.097+00
pokemon:tcgdex:tk-xy-su-11:fr,tk-xy-su-11,tk,11,fr,2026-08-09 04:00:40.246+00
pokemon:tcgdex:tk-xy-su-11:it,tk-xy-su-11,tk,11,it,2026-08-09 04:01:02.613+00
pokemon:tcgdex:tk-xy-su-12:es,tk-xy-su-12,tk,12,es,2026-08-09 04:01:09.097+00
pokemon:tcgdex:tk-xy-su-12:fr,tk-xy-su-12,tk,12,fr,2026-08-09 04:00:40.612+00
pokemon:tcgdex:tk-xy-su-12:it,tk-xy-su-12,tk,12,it,2026-08-09 04:01:02.613+00
pokemon:tcgdex:tk-xy-su-13:es,tk-xy-su-13,tk,13,es,2026-08-09 04:01:09.097+00
pokemon:tcgdex:tk-xy-su-13:fr,tk-xy-su-13,tk,13,fr,2026-08-09 04:00:40.612+00
pokemon:tcgdex:tk-xy-su-13:it,tk-xy-su-13,tk,13,it,2026-08-09 04:01:02.613+00
pokemon:tcgdex:tk-xy-su-14:es,tk-xy-su-14,tk,14,es,2026-08-09 04:01:09.097+00
pokemon:tcgdex:tk-xy-su-14:fr,tk-xy-su-14,tk,14,fr,2026-08-09 04:00:40.612+00
pokemon:tcgdex:tk-xy-su-14:it,tk-xy-su-14,tk,14,it,2026-08-09 04:01:02.614+00
pokemon:tcgdex:tk-xy-su-15:es,tk-xy-su-15,tk,15,es,2026-08-09 04:01:09.097+00
pokemon:tcgdex:tk-xy-su-15:fr,tk-xy-su-15,tk,15,fr,2026-08-09 04:00:40.942+00
pokemon:tcgdex:tk-xy-su-15:it,tk-xy-su-15,tk,15,it,2026-08-09 04:01:02.614+00
pokemon:tcgdex:tk-xy-su-16:es,tk-xy-su-16,tk,16,es,2026-08-09 04:01:09.3+00
pokemon:tcgdex:tk-xy-su-16:fr,tk-xy-su-16,tk,16,fr,2026-08-09 04:00:40.942+00
pokemon:tcgdex:tk-xy-su-16:it,tk-xy-su-16,tk,16,it,2026-08-09 04:01:02.811+00
pokemon:tcgdex:tk-xy-su-17:es,tk-xy-su-17,tk,17,es,2026-08-09 04:01:09.3+00
pokemon:tcgdex:tk-xy-su-17:fr,tk-xy-su-17,tk,17,fr,2026-08-09 04:00:40.942+00
pokemon:tcgdex:tk-xy-su-17:it,tk-xy-su-17,tk,17,it,2026-08-09 04:01:02.811+00
pokemon:tcgdex:tk-xy-su-18:es,tk-xy-su-18,tk,18,es,2026-08-09 04:01:09.3+00
pokemon:tcgdex:tk-xy-su-18:fr,tk-xy-su-18,tk,18,fr,2026-08-09 04:00:40.942+00
pokemon:tcgdex:tk-xy-su-18:it,tk-xy-su-18,tk,18,it,2026-08-09 04:01:02.811+00
pokemon:tcgdex:tk-xy-su-19:es,tk-xy-su-19,tk,19,es,2026-08-09 04:01:09.3+00
pokemon:tcgdex:tk-xy-su-19:fr,tk-xy-su-19,tk,19,fr,2026-08-09 04:00:41.223+00
pokemon:tcgdex:tk-xy-su-19:it,tk-xy-su-19,tk,19,it,2026-08-09 04:01:02.811+00
pokemon:tcgdex:tk-xy-su-2:es,tk-xy-su-2,tk,2,es,2026-08-09 04:01:08.687+00
pokemon:tcgdex:tk-xy-su-2:fr,tk-xy-su-2,tk,2,fr,2026-08-09 04:00:38.354+00
pokemon:tcgdex:tk-xy-su-2:it,tk-xy-su-2,tk,2,it,2026-08-09 04:01:02.107+00
pokemon:tcgdex:tk-xy-su-20:es,tk-xy-su-20,tk,20,es,2026-08-09 04:01:09.301+00
pokemon:tcgdex:tk-xy-su-20:fr,tk-xy-su-20,tk,20,fr,2026-08-09 04:00:41.223+00
pokemon:tcgdex:tk-xy-su-20:it,tk-xy-su-20,tk,20,it,2026-08-09 04:01:02.812+00
pokemon:tcgdex:tk-xy-su-21:es,tk-xy-su-21,tk,21,es,2026-08-09 04:01:09.524+00
pokemon:tcgdex:tk-xy-su-21:fr,tk-xy-su-21,tk,21,fr,2026-08-09 04:00:41.223+00
pokemon:tcgdex:tk-xy-su-21:it,tk-xy-su-21,tk,21,it,2026-08-09 04:01:03.037+00
pokemon:tcgdex:tk-xy-su-22:es,tk-xy-su-22,tk,22,es,2026-08-09 04:01:09.524+00
pokemon:tcgdex:tk-xy-su-22:fr,tk-xy-su-22,tk,22,fr,2026-08-09 04:00:41.483+00
pokemon:tcgdex:tk-xy-su-22:it,tk-xy-su-22,tk,22,it,2026-08-09 04:01:03.037+00
pokemon:tcgdex:tk-xy-su-23:es,tk-xy-su-23,tk,23,es,2026-08-09 04:01:09.525+00
pokemon:tcgdex:tk-xy-su-23:fr,tk-xy-su-23,tk,23,fr,2026-08-09 04:00:41.483+00
pokemon:tcgdex:tk-xy-su-23:it,tk-xy-su-23,tk,23,it,2026-08-09 04:01:03.037+00
pokemon:tcgdex:tk-xy-su-24:es,tk-xy-su-24,tk,24,es,2026-08-09 04:01:09.525+00
pokemon:tcgdex:tk-xy-su-24:fr,tk-xy-su-24,tk,24,fr,2026-08-09 04:00:41.483+00
pokemon:tcgdex:tk-xy-su-24:it,tk-xy-su-24,tk,24,it,2026-08-09 04:01:03.037+00
pokemon:tcgdex:tk-xy-su-25:es,tk-xy-su-25,tk,25,es,2026-08-09 04:01:09.525+00
pokemon:tcgdex:tk-xy-su-25:fr,tk-xy-su-25,tk,25,fr,2026-08-09 04:00:41.732+00
pokemon:tcgdex:tk-xy-su-25:it,tk-xy-su-25,tk,25,it,2026-08-09 04:01:03.037+00
pokemon:tcgdex:tk-xy-su-26:es,tk-xy-su-26,tk,26,es,2026-08-09 04:01:09.685+00
pokemon:tcgdex:tk-xy-su-26:fr,tk-xy-su-26,tk,26,fr,2026-08-09 04:00:41.733+00
pokemon:tcgdex:tk-xy-su-26:it,tk-xy-su-26,tk,26,it,2026-08-09 04:01:03.21+00
pokemon:tcgdex:tk-xy-su-27:es,tk-xy-su-27,tk,27,es,2026-08-09 04:01:09.685+00
pokemon:tcgdex:tk-xy-su-27:fr,tk-xy-su-27,tk,27,fr,2026-08-09 04:00:41.733+00
pokemon:tcgdex:tk-xy-su-27:it,tk-xy-su-27,tk,27,it,2026-08-09 04:01:03.21+00
pokemon:tcgdex:tk-xy-su-28:es,tk-xy-su-28,tk,28,es,2026-08-09 04:01:09.685+00
pokemon:tcgdex:tk-xy-su-28:fr,tk-xy-su-28,tk,28,fr,2026-08-09 04:00:41.733+00
pokemon:tcgdex:tk-xy-su-28:it,tk-xy-su-28,tk,28,it,2026-08-09 04:01:03.21+00
pokemon:tcgdex:tk-xy-su-29:es,tk-xy-su-29,tk,29,es,2026-08-09 04:01:09.686+00
pokemon:tcgdex:tk-xy-su-29:fr,tk-xy-su-29,tk,29,fr,2026-08-09 04:00:41.966+00
pokemon:tcgdex:tk-xy-su-29:it,tk-xy-su-29,tk,29,it,2026-08-09 04:01:03.21+00
pokemon:tcgdex:tk-xy-su-3:es,tk-xy-su-3,tk,3,es,2026-08-09 04:01:08.687+00
pokemon:tcgdex:tk-xy-su-3:fr,tk-xy-su-3,tk,3,fr,2026-08-09 04:00:38.354+00
pokemon:tcgdex:tk-xy-su-3:it,tk-xy-su-3,tk,3,it,2026-08-09 04:01:02.107+00
pokemon:tcgdex:tk-xy-su-30:es,tk-xy-su-30,tk,30,es,2026-08-09 04:01:09.686+00
pokemon:tcgdex:tk-xy-su-30:fr,tk-xy-su-30,tk,30,fr,2026-08-09 04:00:41.966+00
pokemon:tcgdex:tk-xy-su-30:it,tk-xy-su-30,tk,30,it,2026-08-09 04:01:03.21+00
pokemon:tcgdex:tk-xy-su-4:es,tk-xy-su-4,tk,4,es,2026-08-09 04:01:08.687+00
pokemon:tcgdex:tk-xy-su-4:fr,tk-xy-su-4,tk,4,fr,2026-08-09 04:00:39.161+00
pokemon:tcgdex:tk-xy-su-4:it,tk-xy-su-4,tk,4,it,2026-08-09 04:01:02.108+00
pokemon:tcgdex:tk-xy-su-5:es,tk-xy-su-5,tk,5,es,2026-08-09 04:01:08.687+00
pokemon:tcgdex:tk-xy-su-5:fr,tk-xy-su-5,tk,5,fr,2026-08-09 04:00:39.161+00
pokemon:tcgdex:tk-xy-su-5:it,tk-xy-su-5,tk,5,it,2026-08-09 04:01:02.108+00
pokemon:tcgdex:tk-xy-su-6:es,tk-xy-su-6,tk,6,es,2026-08-09 04:01:08.913+00
pokemon:tcgdex:tk-xy-su-6:fr,tk-xy-su-6,tk,6,fr,2026-08-09 04:00:39.791+00
pokemon:tcgdex:tk-xy-su-6:it,tk-xy-su-6,tk,6,it,2026-08-09 04:01:02.409+00
pokemon:tcgdex:tk-xy-su-7:es,tk-xy-su-7,tk,7,es,2026-08-09 04:01:08.914+00
pokemon:tcgdex:tk-xy-su-7:fr,tk-xy-su-7,tk,7,fr,2026-08-09 04:00:39.792+00
pokemon:tcgdex:tk-xy-su-7:it,tk-xy-su-7,tk,7,it,2026-08-09 04:01:02.409+00
pokemon:tcgdex:tk-xy-su-8:es,tk-xy-su-8,tk,8,es,2026-08-09 04:01:08.914+00
pokemon:tcgdex:tk-xy-su-8:fr,tk-xy-su-8,tk,8,fr,2026-08-09 04:00:39.792+00
pokemon:tcgdex:tk-xy-su-8:it,tk-xy-su-8,tk,8,it,2026-08-09 04:01:02.409+00
pokemon:tcgdex:tk-xy-su-9:es,tk-xy-su-9,tk,9,es,2026-08-09 04:01:08.914+00
pokemon:tcgdex:tk-xy-su-9:fr,tk-xy-su-9,tk,9,fr,2026-08-09 04:00:40.245+00
pokemon:tcgdex:tk-xy-su-9:it,tk-xy-su-9,tk,9,it,2026-08-09 04:01:02.409+00
pokemon:tcgdex:tk-xy-sy-1:es,tk-xy-sy-1,tk,1,es,2026-08-09 04:01:08.686+00
pokemon:tcgdex:tk-xy-sy-1:fr,tk-xy-sy-1,tk,1,fr,2026-08-09 04:00:38.354+00
pokemon:tcgdex:tk-xy-sy-1:it,tk-xy-sy-1,tk,1,it,2026-08-09 04:01:02.107+00
pokemon:tcgdex:tk-xy-sy-10:es,tk-xy-sy-10,tk,10,es,2026-08-09 04:01:08.914+00
pokemon:tcgdex:tk-xy-sy-10:fr,tk-xy-sy-10,tk,10,fr,2026-08-09 04:00:40.246+00
pokemon:tcgdex:tk-xy-sy-10:it,tk-xy-sy-10,tk,10,it,2026-08-09 04:01:02.409+00
pokemon:tcgdex:tk-xy-sy-11:es,tk-xy-sy-11,tk,11,es,2026-08-09 04:01:09.097+00
pokemon:tcgdex:tk-xy-sy-11:fr,tk-xy-sy-11,tk,11,fr,2026-08-09 04:00:40.246+00
pokemon:tcgdex:tk-xy-sy-11:it,tk-xy-sy-11,tk,11,it,2026-08-09 04:01:02.613+00
pokemon:tcgdex:tk-xy-sy-12:es,tk-xy-sy-12,tk,12,es,2026-08-09 04:01:09.097+00
pokemon:tcgdex:tk-xy-sy-12:fr,tk-xy-sy-12,tk,12,fr,2026-08-09 04:00:40.612+00
pokemon:tcgdex:tk-xy-sy-12:it,tk-xy-sy-12,tk,12,it,2026-08-09 04:01:02.613+00
pokemon:tcgdex:tk-xy-sy-13:es,tk-xy-sy-13,tk,13,es,2026-08-09 04:01:09.097+00
pokemon:tcgdex:tk-xy-sy-13:fr,tk-xy-sy-13,tk,13,fr,2026-08-09 04:00:40.612+00
pokemon:tcgdex:tk-xy-sy-13:it,tk-xy-sy-13,tk,13,it,2026-08-09 04:01:02.613+00
pokemon:tcgdex:tk-xy-sy-14:es,tk-xy-sy-14,tk,14,es,2026-08-09 04:01:09.097+00
pokemon:tcgdex:tk-xy-sy-14:fr,tk-xy-sy-14,tk,14,fr,2026-08-09 04:00:40.612+00
pokemon:tcgdex:tk-xy-sy-14:it,tk-xy-sy-14,tk,14,it,2026-08-09 04:01:02.614+00
pokemon:tcgdex:tk-xy-sy-15:es,tk-xy-sy-15,tk,15,es,2026-08-09 04:01:09.097+00
pokemon:tcgdex:tk-xy-sy-15:fr,tk-xy-sy-15,tk,15,fr,2026-08-09 04:00:40.942+00
pokemon:tcgdex:tk-xy-sy-15:it,tk-xy-sy-15,tk,15,it,2026-08-09 04:01:02.614+00
pokemon:tcgdex:tk-xy-sy-16:es,tk-xy-sy-16,tk,16,es,2026-08-09 04:01:09.3+00
pokemon:tcgdex:tk-xy-sy-16:fr,tk-xy-sy-16,tk,16,fr,2026-08-09 04:00:40.942+00
pokemon:tcgdex:tk-xy-sy-16:it,tk-xy-sy-16,tk,16,it,2026-08-09 04:01:02.811+00
pokemon:tcgdex:tk-xy-sy-17:es,tk-xy-sy-17,tk,17,es,2026-08-09 04:01:09.3+00
pokemon:tcgdex:tk-xy-sy-17:fr,tk-xy-sy-17,tk,17,fr,2026-08-09 04:00:40.942+00
pokemon:tcgdex:tk-xy-sy-17:it,tk-xy-sy-17,tk,17,it,2026-08-09 04:01:02.811+00
pokemon:tcgdex:tk-xy-sy-18:es,tk-xy-sy-18,tk,18,es,2026-08-09 04:01:09.3+00
pokemon:tcgdex:tk-xy-sy-18:fr,tk-xy-sy-18,tk,18,fr,2026-08-09 04:00:40.942+00
pokemon:tcgdex:tk-xy-sy-18:it,tk-xy-sy-18,tk,18,it,2026-08-09 04:01:02.811+00
pokemon:tcgdex:tk-xy-sy-19:es,tk-xy-sy-19,tk,19,es,2026-08-09 04:01:09.3+00
pokemon:tcgdex:tk-xy-sy-19:fr,tk-xy-sy-19,tk,19,fr,2026-08-09 04:00:41.223+00
pokemon:tcgdex:tk-xy-sy-19:it,tk-xy-sy-19,tk,19,it,2026-08-09 04:01:02.811+00
pokemon:tcgdex:tk-xy-sy-2:es,tk-xy-sy-2,tk,2,es,2026-08-09 04:01:08.687+00
pokemon:tcgdex:tk-xy-sy-2:fr,tk-xy-sy-2,tk,2,fr,2026-08-09 04:00:38.354+00
pokemon:tcgdex:tk-xy-sy-2:it,tk-xy-sy-2,tk,2,it,2026-08-09 04:01:02.107+00
pokemon:tcgdex:tk-xy-sy-20:es,tk-xy-sy-20,tk,20,es,2026-08-09 04:01:09.301+00
pokemon:tcgdex:tk-xy-sy-20:fr,tk-xy-sy-20,tk,20,fr,2026-08-09 04:00:41.223+00
pokemon:tcgdex:tk-xy-sy-20:it,tk-xy-sy-20,tk,20,it,2026-08-09 04:01:02.812+00
pokemon:tcgdex:tk-xy-sy-21:es,tk-xy-sy-21,tk,21,es,2026-08-09 04:01:09.524+00
pokemon:tcgdex:tk-xy-sy-21:fr,tk-xy-sy-21,tk,21,fr,2026-08-09 04:00:41.223+00
pokemon:tcgdex:tk-xy-sy-21:it,tk-xy-sy-21,tk,21,it,2026-08-09 04:01:03.037+00
pokemon:tcgdex:tk-xy-sy-22:es,tk-xy-sy-22,tk,22,es,2026-08-09 04:01:09.524+00
pokemon:tcgdex:tk-xy-sy-22:fr,tk-xy-sy-22,tk,22,fr,2026-08-09 04:00:41.483+00
pokemon:tcgdex:tk-xy-sy-22:it,tk-xy-sy-22,tk,22,it,2026-08-09 04:01:03.037+00
pokemon:tcgdex:tk-xy-sy-23:es,tk-xy-sy-23,tk,23,es,2026-08-09 04:01:09.525+00
pokemon:tcgdex:tk-xy-sy-23:fr,tk-xy-sy-23,tk,23,fr,2026-08-09 04:00:41.483+00
pokemon:tcgdex:tk-xy-sy-23:it,tk-xy-sy-23,tk,23,it,2026-08-09 04:01:03.037+00
pokemon:tcgdex:tk-xy-sy-24:es,tk-xy-sy-24,tk,24,es,2026-08-09 04:01:09.525+00
pokemon:tcgdex:tk-xy-sy-24:fr,tk-xy-sy-24,tk,24,fr,2026-08-09 04:00:41.483+00
pokemon:tcgdex:tk-xy-sy-24:it,tk-xy-sy-24,tk,24,it,2026-08-09 04:01:03.037+00
pokemon:tcgdex:tk-xy-sy-25:es,tk-xy-sy-25,tk,25,es,2026-08-09 04:01:09.525+00
pokemon:tcgdex:tk-xy-sy-25:fr,tk-xy-sy-25,tk,25,fr,2026-08-09 04:00:41.732+00
pokemon:tcgdex:tk-xy-sy-25:it,tk-xy-sy-25,tk,25,it,2026-08-09 04:01:03.037+00
pokemon:tcgdex:tk-xy-sy-26:es,tk-xy-sy-26,tk,26,es,2026-08-09 04:01:09.685+00
pokemon:tcgdex:tk-xy-sy-26:fr,tk-xy-sy-26,tk,26,fr,2026-08-09 04:00:41.733+00
pokemon:tcgdex:tk-xy-sy-26:it,tk-xy-sy-26,tk,26,it,2026-08-09 04:01:03.21+00
pokemon:tcgdex:tk-xy-sy-27:es,tk-xy-sy-27,tk,27,es,2026-08-09 04:01:09.685+00
pokemon:tcgdex:tk-xy-sy-27:fr,tk-xy-sy-27,tk,27,fr,2026-08-09 04:00:41.733+00
pokemon:tcgdex:tk-xy-sy-27:it,tk-xy-sy-27,tk,27,it,2026-08-09 04:01:03.21+00
pokemon:tcgdex:tk-xy-sy-28:es,tk-xy-sy-28,tk,28,es,2026-08-09 04:01:09.685+00
pokemon:tcgdex:tk-xy-sy-28:fr,tk-xy-sy-28,tk,28,fr,2026-08-09 04:00:41.733+00
pokemon:tcgdex:tk-xy-sy-28:it,tk-xy-sy-28,tk,28,it,2026-08-09 04:01:03.21+00
pokemon:tcgdex:tk-xy-sy-29:es,tk-xy-sy-29,tk,29,es,2026-08-09 04:01:09.686+00
pokemon:tcgdex:tk-xy-sy-29:fr,tk-xy-sy-29,tk,29,fr,2026-08-09 04:00:41.966+00
pokemon:tcgdex:tk-xy-sy-29:it,tk-xy-sy-29,tk,29,it,2026-08-09 04:01:03.21+00
pokemon:tcgdex:tk-xy-sy-3:es,tk-xy-sy-3,tk,3,es,2026-08-09 04:01:08.687+00
pokemon:tcgdex:tk-xy-sy-3:fr,tk-xy-sy-3,tk,3,fr,2026-08-09 04:00:38.354+00
pokemon:tcgdex:tk-xy-sy-3:it,tk-xy-sy-3,tk,3,it,2026-08-09 04:01:02.107+00
pokemon:tcgdex:tk-xy-sy-30:es,tk-xy-sy-30,tk,30,es,2026-08-09 04:01:09.686+00
pokemon:tcgdex:tk-xy-sy-30:fr,tk-xy-sy-30,tk,30,fr,2026-08-09 04:00:41.966+00
pokemon:tcgdex:tk-xy-sy-30:it,tk-xy-sy-30,tk,30,it,2026-08-09 04:01:03.21+00
pokemon:tcgdex:tk-xy-sy-4:es,tk-xy-sy-4,tk,4,es,2026-08-09 04:01:08.687+00
pokemon:tcgdex:tk-xy-sy-4:fr,tk-xy-sy-4,tk,4,fr,2026-08-09 04:00:39.161+00
pokemon:tcgdex:tk-xy-sy-4:it,tk-xy-sy-4,tk,4,it,2026-08-09 04:01:02.108+00
pokemon:tcgdex:tk-xy-sy-5:es,tk-xy-sy-5,tk,5,es,2026-08-09 04:01:08.687+00
pokemon:tcgdex:tk-xy-sy-5:fr,tk-xy-sy-5,tk,5,fr,2026-08-09 04:00:39.161+00
pokemon:tcgdex:tk-xy-sy-5:it,tk-xy-sy-5,tk,5,it,2026-08-09 04:01:02.108+00
pokemon:tcgdex:tk-xy-sy-6:es,tk-xy-sy-6,tk,6,es,2026-08-09 04:01:08.913+00
pokemon:tcgdex:tk-xy-sy-6:fr,tk-xy-sy-6,tk,6,fr,2026-08-09 04:00:39.791+00
pokemon:tcgdex:tk-xy-sy-6:it,tk-xy-sy-6,tk,6,it,2026-08-09 04:01:02.409+00
pokemon:tcgdex:tk-xy-sy-7:es,tk-xy-sy-7,tk,7,es,2026-08-09 04:01:08.914+00
pokemon:tcgdex:tk-xy-sy-7:fr,tk-xy-sy-7,tk,7,fr,2026-08-09 04:00:39.792+00
pokemon:tcgdex:tk-xy-sy-7:it,tk-xy-sy-7,tk,7,it,2026-08-09 04:01:02.409+00
pokemon:tcgdex:tk-xy-sy-8:es,tk-xy-sy-8,tk,8,es,2026-08-09 04:01:08.914+00
pokemon:tcgdex:tk-xy-sy-8:fr,tk-xy-sy-8,tk,8,fr,2026-08-09 04:00:39.792+00
pokemon:tcgdex:tk-xy-sy-8:it,tk-xy-sy-8,tk,8,it,2026-08-09 04:01:02.409+00
pokemon:tcgdex:tk-xy-sy-9:es,tk-xy-sy-9,tk,9,es,2026-08-09 04:01:08.914+00
pokemon:tcgdex:tk-xy-sy-9:fr,tk-xy-sy-9,tk,9,fr,2026-08-09 04:00:40.245+00
pokemon:tcgdex:tk-xy-sy-9:it,tk-xy-sy-9,tk,9,it,2026-08-09 04:01:02.409+00
pokemon:tcgdex:tk-xy-w-1:es,tk-xy-w-1,tk,1,es,2026-08-09 04:01:08.687+00
pokemon:tcgdex:tk-xy-w-1:fr,tk-xy-w-1,tk,1,fr,2026-08-09 04:00:38.354+00
pokemon:tcgdex:tk-xy-w-1:it,tk-xy-w-1,tk,1,it,2026-08-09 04:01:02.107+00
pokemon:tcgdex:tk-xy-w-10:es,tk-xy-w-10,tk,10,es,2026-08-09 04:01:09.097+00
pokemon:tcgdex:tk-xy-w-10:fr,tk-xy-w-10,tk,10,fr,2026-08-09 04:00:40.246+00
pokemon:tcgdex:tk-xy-w-10:it,tk-xy-w-10,tk,10,it,2026-08-09 04:01:02.613+00
pokemon:tcgdex:tk-xy-w-11:es,tk-xy-w-11,tk,11,es,2026-08-09 04:01:09.097+00
pokemon:tcgdex:tk-xy-w-11:fr,tk-xy-w-11,tk,11,fr,2026-08-09 04:00:40.246+00
pokemon:tcgdex:tk-xy-w-11:it,tk-xy-w-11,tk,11,it,2026-08-09 04:01:02.613+00
pokemon:tcgdex:tk-xy-w-12:es,tk-xy-w-12,tk,12,es,2026-08-09 04:01:09.097+00
pokemon:tcgdex:tk-xy-w-12:fr,tk-xy-w-12,tk,12,fr,2026-08-09 04:00:40.612+00
pokemon:tcgdex:tk-xy-w-12:it,tk-xy-w-12,tk,12,it,2026-08-09 04:01:02.613+00
pokemon:tcgdex:tk-xy-w-13:es,tk-xy-w-13,tk,13,es,2026-08-09 04:01:09.097+00
pokemon:tcgdex:tk-xy-w-13:fr,tk-xy-w-13,tk,13,fr,2026-08-09 04:00:40.612+00
pokemon:tcgdex:tk-xy-w-13:it,tk-xy-w-13,tk,13,it,2026-08-09 04:01:02.613+00
pokemon:tcgdex:tk-xy-w-14:es,tk-xy-w-14,tk,14,es,2026-08-09 04:01:09.097+00
pokemon:tcgdex:tk-xy-w-14:fr,tk-xy-w-14,tk,14,fr,2026-08-09 04:00:40.612+00
pokemon:tcgdex:tk-xy-w-14:it,tk-xy-w-14,tk,14,it,2026-08-09 04:01:02.614+00
pokemon:tcgdex:tk-xy-w-15:es,tk-xy-w-15,tk,15,es,2026-08-09 04:01:09.3+00
pokemon:tcgdex:tk-xy-w-15:fr,tk-xy-w-15,tk,15,fr,2026-08-09 04:00:40.942+00
pokemon:tcgdex:tk-xy-w-15:it,tk-xy-w-15,tk,15,it,2026-08-09 04:01:02.811+00
pokemon:tcgdex:tk-xy-w-16:es,tk-xy-w-16,tk,16,es,2026-08-09 04:01:09.3+00
pokemon:tcgdex:tk-xy-w-16:fr,tk-xy-w-16,tk,16,fr,2026-08-09 04:00:40.942+00
pokemon:tcgdex:tk-xy-w-16:it,tk-xy-w-16,tk,16,it,2026-08-09 04:01:02.811+00
pokemon:tcgdex:tk-xy-w-17:es,tk-xy-w-17,tk,17,es,2026-08-09 04:01:09.3+00
pokemon:tcgdex:tk-xy-w-17:fr,tk-xy-w-17,tk,17,fr,2026-08-09 04:00:40.942+00
pokemon:tcgdex:tk-xy-w-17:it,tk-xy-w-17,tk,17,it,2026-08-09 04:01:02.811+00
pokemon:tcgdex:tk-xy-w-18:es,tk-xy-w-18,tk,18,es,2026-08-09 04:01:09.3+00
pokemon:tcgdex:tk-xy-w-18:fr,tk-xy-w-18,tk,18,fr,2026-08-09 04:00:41.223+00
pokemon:tcgdex:tk-xy-w-18:it,tk-xy-w-18,tk,18,it,2026-08-09 04:01:02.811+00
pokemon:tcgdex:tk-xy-w-19:es,tk-xy-w-19,tk,19,es,2026-08-09 04:01:09.3+00
pokemon:tcgdex:tk-xy-w-19:fr,tk-xy-w-19,tk,19,fr,2026-08-09 04:00:41.223+00
pokemon:tcgdex:tk-xy-w-19:it,tk-xy-w-19,tk,19,it,2026-08-09 04:01:02.811+00
pokemon:tcgdex:tk-xy-w-2:es,tk-xy-w-2,tk,2,es,2026-08-09 04:01:08.687+00
pokemon:tcgdex:tk-xy-w-2:fr,tk-xy-w-2,tk,2,fr,2026-08-09 04:00:38.354+00
pokemon:tcgdex:tk-xy-w-2:it,tk-xy-w-2,tk,2,it,2026-08-09 04:01:02.107+00
pokemon:tcgdex:tk-xy-w-20:es,tk-xy-w-20,tk,20,es,2026-08-09 04:01:09.301+00
pokemon:tcgdex:tk-xy-w-20:fr,tk-xy-w-20,tk,20,fr,2026-08-09 04:00:41.223+00
pokemon:tcgdex:tk-xy-w-20:it,tk-xy-w-20,tk,20,it,2026-08-09 04:01:02.812+00
pokemon:tcgdex:tk-xy-w-21:es,tk-xy-w-21,tk,21,es,2026-08-09 04:01:09.524+00
pokemon:tcgdex:tk-xy-w-21:fr,tk-xy-w-21,tk,21,fr,2026-08-09 04:00:41.223+00
pokemon:tcgdex:tk-xy-w-21:it,tk-xy-w-21,tk,21,it,2026-08-09 04:01:03.037+00
pokemon:tcgdex:tk-xy-w-22:es,tk-xy-w-22,tk,22,es,2026-08-09 04:01:09.525+00
pokemon:tcgdex:tk-xy-w-22:fr,tk-xy-w-22,tk,22,fr,2026-08-09 04:00:41.483+00
pokemon:tcgdex:tk-xy-w-22:it,tk-xy-w-22,tk,22,it,2026-08-09 04:01:03.037+00
pokemon:tcgdex:tk-xy-w-23:es,tk-xy-w-23,tk,23,es,2026-08-09 04:01:09.525+00
pokemon:tcgdex:tk-xy-w-23:fr,tk-xy-w-23,tk,23,fr,2026-08-09 04:00:41.483+00
pokemon:tcgdex:tk-xy-w-23:it,tk-xy-w-23,tk,23,it,2026-08-09 04:01:03.037+00
pokemon:tcgdex:tk-xy-w-24:es,tk-xy-w-24,tk,24,es,2026-08-09 04:01:09.525+00
pokemon:tcgdex:tk-xy-w-24:fr,tk-xy-w-24,tk,24,fr,2026-08-09 04:00:41.483+00
pokemon:tcgdex:tk-xy-w-24:it,tk-xy-w-24,tk,24,it,2026-08-09 04:01:03.037+00
pokemon:tcgdex:tk-xy-w-25:es,tk-xy-w-25,tk,25,es,2026-08-09 04:01:09.525+00
pokemon:tcgdex:tk-xy-w-25:fr,tk-xy-w-25,tk,25,fr,2026-08-09 04:00:41.732+00
pokemon:tcgdex:tk-xy-w-25:it,tk-xy-w-25,tk,25,it,2026-08-09 04:01:03.038+00
pokemon:tcgdex:tk-xy-w-26:es,tk-xy-w-26,tk,26,es,2026-08-09 04:01:09.685+00
pokemon:tcgdex:tk-xy-w-26:fr,tk-xy-w-26,tk,26,fr,2026-08-09 04:00:41.733+00
pokemon:tcgdex:tk-xy-w-26:it,tk-xy-w-26,tk,26,it,2026-08-09 04:01:03.21+00
pokemon:tcgdex:tk-xy-w-27:es,tk-xy-w-27,tk,27,es,2026-08-09 04:01:09.685+00
pokemon:tcgdex:tk-xy-w-27:fr,tk-xy-w-27,tk,27,fr,2026-08-09 04:00:41.733+00
pokemon:tcgdex:tk-xy-w-27:it,tk-xy-w-27,tk,27,it,2026-08-09 04:01:03.21+00
pokemon:tcgdex:tk-xy-w-28:es,tk-xy-w-28,tk,28,es,2026-08-09 04:01:09.685+00
pokemon:tcgdex:tk-xy-w-28:fr,tk-xy-w-28,tk,28,fr,2026-08-09 04:00:41.966+00
pokemon:tcgdex:tk-xy-w-28:it,tk-xy-w-28,tk,28,it,2026-08-09 04:01:03.21+00
pokemon:tcgdex:tk-xy-w-29:es,tk-xy-w-29,tk,29,es,2026-08-09 04:01:09.686+00
pokemon:tcgdex:tk-xy-w-29:fr,tk-xy-w-29,tk,29,fr,2026-08-09 04:00:41.966+00
pokemon:tcgdex:tk-xy-w-29:it,tk-xy-w-29,tk,29,it,2026-08-09 04:01:03.21+00
pokemon:tcgdex:tk-xy-w-3:es,tk-xy-w-3,tk,3,es,2026-08-09 04:01:08.687+00
pokemon:tcgdex:tk-xy-w-3:fr,tk-xy-w-3,tk,3,fr,2026-08-09 04:00:39.161+00
pokemon:tcgdex:tk-xy-w-3:it,tk-xy-w-3,tk,3,it,2026-08-09 04:01:02.108+00
pokemon:tcgdex:tk-xy-w-30:es,tk-xy-w-30,tk,30,es,2026-08-09 04:01:09.686+00
pokemon:tcgdex:tk-xy-w-30:fr,tk-xy-w-30,tk,30,fr,2026-08-09 04:00:41.966+00
pokemon:tcgdex:tk-xy-w-30:it,tk-xy-w-30,tk,30,it,2026-08-09 04:01:03.21+00
pokemon:tcgdex:tk-xy-w-4:es,tk-xy-w-4,tk,4,es,2026-08-09 04:01:08.687+00
pokemon:tcgdex:tk-xy-w-4:fr,tk-xy-w-4,tk,4,fr,2026-08-09 04:00:39.161+00
pokemon:tcgdex:tk-xy-w-4:it,tk-xy-w-4,tk,4,it,2026-08-09 04:01:02.108+00
pokemon:tcgdex:tk-xy-w-5:es,tk-xy-w-5,tk,5,es,2026-08-09 04:01:08.913+00
pokemon:tcgdex:tk-xy-w-5:fr,tk-xy-w-5,tk,5,fr,2026-08-09 04:00:39.161+00
pokemon:tcgdex:tk-xy-w-5:it,tk-xy-w-5,tk,5,it,2026-08-09 04:01:02.409+00
pokemon:tcgdex:tk-xy-w-6:es,tk-xy-w-6,tk,6,es,2026-08-09 04:01:08.913+00
pokemon:tcgdex:tk-xy-w-6:fr,tk-xy-w-6,tk,6,fr,2026-08-09 04:00:39.791+00
pokemon:tcgdex:tk-xy-w-6:it,tk-xy-w-6,tk,6,it,2026-08-09 04:01:02.409+00
pokemon:tcgdex:tk-xy-w-7:es,tk-xy-w-7,tk,7,es,2026-08-09 04:01:08.914+00
pokemon:tcgdex:tk-xy-w-7:fr,tk-xy-w-7,tk,7,fr,2026-08-09 04:00:39.792+00
pokemon:tcgdex:tk-xy-w-7:it,tk-xy-w-7,tk,7,it,2026-08-09 04:01:02.409+00
pokemon:tcgdex:tk-xy-w-8:es,tk-xy-w-8,tk,8,es,2026-08-09 04:01:08.914+00
pokemon:tcgdex:tk-xy-w-8:fr,tk-xy-w-8,tk,8,fr,2026-08-09 04:00:39.792+00
pokemon:tcgdex:tk-xy-w-8:it,tk-xy-w-8,tk,8,it,2026-08-09 04:01:02.409+00
pokemon:tcgdex:tk-xy-w-9:es,tk-xy-w-9,tk,9,es,2026-08-09 04:01:08.914+00
pokemon:tcgdex:tk-xy-w-9:fr,tk-xy-w-9,tk,9,fr,2026-08-09 04:00:40.245+00
pokemon:tcgdex:tk-xy-w-9:it,tk-xy-w-9,tk,9,it,2026-08-09 04:01:02.409+00
